tweet_id,timestamp,user_screen_name,user_name,text,likes,retweets,comments,tweet_url,image_links,embedded_text,bookmarks,emojis,hashtags,in_reply_to_tweet_id,in_reply_to_user,is_quote,is_retweet,lang,mentions,quoted_tweet,quotes,raw,retweeted_tweet,urls,views
2085516200251977997,Thu Aug 06 23:59:43 +0000 2026,Yrouel86,Massimo,"@Cosmic_Andrew1 You're a massive hypocrite.
If you really cared about ""giving a break"" to NASA you would advocate for cancelling SLS instead of bitching and whining about SpaceX which has already saved the government tens of billions of dollars and it's possibly the best partner NASA ever had.",44,0,1,https://x.com/Yrouel86/status/2085516200251977997,[],,2,,[],2085473897722380313,Cosmic_Andrew1,False,False,en,"[""Cosmic_Andrew1""]",,0,"{""__typename"": ""Tweet"", ""core"": {""user_results"": {""result"": {""__typename"": ""User"", ""action_counts"": {""favorites_count"": 104998}, ""affiliates_highlighted_label"": {}, ""avatar"": {""image_url"": ""https://pbs.twimg.com/profile_images/562914873714032640/wzIoAamz_normal.jpeg""}, ""banner"": {""image_url"": ""https://pbs.twimg.com/profile_banners/3016956021/1423084884""}, ""core"": {""created_at"": ""Wed Feb 04 10:01:53 +0000 2015"", ""name"": ""Massimo"", ""screen_name"": ""Yrouel86""}, ""follow_request_sent"": false, ""has_graduated_access"": true, ""id"": ""VXNlcjozMDE2OTU2MDIx"", ""is_blue_verified"": false, ""location"": {""location"": ""Pisa""}, ""media_permissions"": {""can_media_tag"": false}, ""notifications_settings"": {""notifications_enabled"": false}, ""parody_commentary_fan_label"": ""None"", ""pinned_items"": {}, ""possibly_sensitive"": false, ""privacy"": {""protected"": false}, ""profile_bio"": {""description"": ""Atheist, allergic to BS and lover of science and technology. Interested in retrocomputing and electronics I also like to watch animes and tv series"", ""entities"": {""description"": {}}}, ""profile_description_language"": ""en"", ""profile_image_shape"": ""Circle"", ""profile_metadata"": {""profile_interstitial_type"": """"}, ""profile_translation"": {""translator_type"": ""none""}, ""relationship_counts"": {""followers"": 1845, ""following"": 530}, ""relationship_perspectives"": {""blocked_by"": false, ""blocking"": false, ""followed_by"": false, ""following"": false, ""live_following"": false, ""muting"": false}, ""rest_id"": ""3016956021"", ""super_follow_eligible"": false, ""super_followed_by"": false, ""super_following"": false, ""tweet_counts"": {""media_tweets"": 3546, ""tweets"": 37976}, ""verification"": {""verified"": false}, ""website"": {""url"": """"}}}}, ""edit_control"": {""edit_tweet_ids"": [""2085516200251977997""], ""editable_until_msecs"": ""1786064383000"", ""edits_remaining"": ""5"", ""is_edit_eligible"": false}, ""grok_analysis_button"": true, ""is_translatable"": false, ""legacy"": {""bookmark_count"": 2, ""bookmarked"": false, ""conversation_id_str"": ""2085470581726609592"", ""created_at"": ""Thu Aug 06 23:59:43 +0000 2026"", ""display_text_range"": [16, 294], ""entities"": {""user_mentions"": [{""id_str"": ""1090250146854645760"", ""indices"": [0, 15], ""name"": ""Andrew"", ""screen_name"": ""Cosmic_Andrew1""}]}, ""favorite_count"": 44, ""favorited"": false, ""full_text"": ""@Cosmic_Andrew1 You're a massive hypocrite.\nIf you really cared about \""giving a break\"" to NASA you would advocate for cancelling SLS instead of bitching and whining about SpaceX which has already saved the government tens of billions of dollars and it's possibly the best partner NASA ever had."", ""id_str"": ""2085516200251977997"", ""in_reply_to_screen_name"": ""Cosmic_Andrew1"", ""in_reply_to_status_id_str"": ""2085473897722380313"", ""in_reply_to_user_id_str"": ""1090250146854645760"", ""is_quote_status"": false, ""lang"": ""en"", ""quote_count"": 0, ""reply_count"": 1, ""retweet_count"": 0, ""retweeted"": false, ""user_id_str"": ""3016956021""}, ""rest_id"": ""2085516200251977997"", ""source"": ""<a href=\""https://mobile.twitter.com\"" rel=\""nofollow\"">Twitter Web App</a>"", ""unmention_data"": {}, ""views"": {""count"": ""417"", ""state"": ""EnabledWithCount""}}",,[],417
2085516170690732087,Thu Aug 06 23:59:36 +0000 2026,Gekko_app,Gekko,"$SPCX rallied on huge volume today despite the expiration of its first major lockup period, which had raised concerns about a potential flood of shares hitting the market, with multiple outlets noting that true believers propelled the stock higher through the event.

Strong revenue results are adding fuel to the move, with SpaceX having crushed its revenue expectations, while Elon Musk has pulled forward an ambitious $1 trillion revenue goal to 2030. 

The confirmation of a Terafab chip factory site, a joint venture with Tesla targeting AI compute infrastructure, is also drawing fresh attention to the company's growth ambitions.",6,0,0,https://x.com/Gekko_app/status/2085516170690732087,"[""https://pbs.twimg.com/media/HPE9mHKbcAAO96n.jpg""]",,0,,[],,,False,False,en,[],,0,"{""__typename"": ""Tweet"", ""core"": {""user_results"": {""result"": {""__typename"": ""User"", ""action_counts"": {""favorites_count"": 365}, ""affiliates_highlighted_label"": {}, ""avatar"": {""image_url"": ""https://pbs.twimg.com/profile_images/2077902429463707648/iRcpCe9X_normal.jpg""}, ""banner"": {""image_url"": ""https://pbs.twimg.com/profile_banners/2036269976311799808/1788996710""}, ""core"": {""created_at"": ""Tue Mar 24 02:32:57 +0000 2026"", ""name"": ""Gekko"", ""screen_name"": ""Gekko_app""}, ""follow_request_sent"": false, ""has_graduated_access"": true, ""id"": ""VXNlcjoyMDM2MjY5OTc2MzExNzk5ODA4"", ""is_blue_verified"": true, ""location"": {""location"": """"}, ""media_permissions"": {""can_media_tag"": true}, ""notifications_settings"": {""notifications_enabled"": false}, ""parody_commentary_fan_label"": ""None"", ""pinned_items"": {""tweet_ids_str"": [""2097827039260897527""]}, ""possibly_sensitive"": false, ""privacy"": {""protected"": false}, ""profile_bio"": {""description"": ""Sharing Insider, Hedge Fund & Wall Street insights in Stocks/ETFs.\nGet Smart Money Chart Signals with a 7-Day Free Trial 👉 https://t.co/plIRQSIW7x"", ""entities"": {""description"": {""urls"": [{""display_url"": ""Gekko.app"", ""expanded_url"": ""http://Gekko.app"", ""indices"": [123, 146], ""url"": ""https://t.co/plIRQSIW7x""}]}, ""url"": {""urls"": [{""display_url"": ""gekko.app"", ""expanded_url"": ""https://www.gekko.app/"", ""indices"": [0, 23], ""url"": ""https://t.co/yddefCr1sQ""}]}}}, ""profile_description_language"": ""en"", ""profile_image_shape"": ""Circle"", ""profile_metadata"": {""profile_interstitial_type"": """"}, ""profile_translation"": {""translator_type"": ""none""}, ""relationship_counts"": {""followers"": 183, ""following"": 246}, ""relationship_perspectives"": {""blocked_by"": false, ""blocking"": false, ""followed_by"": false, ""following"": false, ""live_following"": false, ""muting"": false}, ""rest_id"": ""2036269976311799808"", ""super_follow_eligible"": false, ""super_followed_by"": false, ""super_following"": false, ""tweet_counts"": {""media_tweets"": 36, ""tweets"": 38}, ""verification"": {""verified"": false}, ""website"": {""url"": ""https://t.co/yddefCr1sQ""}}}}, ""edit_control"": {""edit_tweet_ids"": [""2085516170690732087""], ""editable_until_msecs"": ""1786064376000"", ""edits_remaining"": ""5"", ""is_edit_eligible"": true}, ""grok_analysis_button"": true, ""is_translatable"": false, ""legacy"": {""bookmark_count"": 0, ""bookmarked"": false, ""conversation_id_str"": ""2085516170690732087"", ""created_at"": ""Thu Aug 06 23:59:36 +0000 2026"", ""display_text_range"": [0, 274], ""entities"": {""media"": [{""allow_download_status"": {""allow_download"": true}, ""display_url"": ""pic.x.com/U5EaSzbJsW"", ""expanded_url"": ""https://x.com/Gekko_app/status/2085516170690732087/photo/1"", ""ext_media_availability"": {""status"": ""Available""}, ""features"": {""large"": {""faces"": []}, ""medium"": {""faces"": []}, ""orig"": {""faces"": []}, ""small"": {""faces"": []}}, ""id_str"": ""2085515827416363008"", ""indices"": [275, 298], ""media_key"": ""3_2085515827416363008"", ""media_results"": {""result"": {""media_key"": ""3_2085515827416363008""}}, ""media_url_https"": ""https://pbs.twimg.com/media/HPE9mHKbcAAO96n.jpg"", ""original_info"": {""focus_rects"": [{""h"": 1010, ""w"": 1804, ""x"": 0, ""y"": 159}, {""h"": 1169, ""w"": 1169, ""x"": 635, ""y"": 0}, {""h"": 1169, ""w"": 1025, ""x"": 779, ""y"": 0}, {""h"": 1169, ""w"": 585, ""x"": 1219, ""y"": 0}, {""h"": 1169, ""w"": 1804, ""x"": 0, ""y"": 0}], ""height"": 1169, ""width"": 1804}, ""sizes"": {""large"": {""h"": 1169, ""resize"": ""fit"", ""w"": 1804}, ""medium"": {""h"": 778, ""resize"": ""fit"", ""w"": 1200}, ""small"": {""h"": 441, ""resize"": ""fit"", ""w"": 680}, ""thumb"": {""h"": 150, ""resize"": ""crop"", ""w"": 150}}, ""type"": ""photo"", ""url"": ""https://t.co/U5EaSzbJsW""}], ""symbols"": [{""indices"": [0, 5], ""tag"": {""info"": {""info"": {""name"": ""SpaceX"", ""ticker"": ""SPCX""}}}, ""text"": ""SPCX""}]}, ""extended_entities"": {""media"": [{""allow_download_status"": {""allow_download"": true}, ""display_url"": ""pic.x.com/U5EaSzbJsW"", ""expanded_url"": ""https://x.com/Gekko_app/status/2085516170690732087/photo/1"", ""ext_media_availability"": {""status"": ""Available""}, ""features"": {""large"": {""faces"": []}, ""medium"": {""faces"": []}, ""orig"": {""faces"": []}, ""small"": {""faces"": []}}, ""id_str"": ""2085515827416363008"", ""indices"": [275, 298], ""media_key"": ""3_2085515827416363008"", ""media_results"": {""result"": {""media_key"": ""3_2085515827416363008""}}, ""media_url_https"": ""https://pbs.twimg.com/media/HPE9mHKbcAAO96n.jpg"", ""original_info"": {""focus_rects"": [{""h"": 1010, ""w"": 1804, ""x"": 0, ""y"": 159}, {""h"": 1169, ""w"": 1169, ""x"": 635, ""y"": 0}, {""h"": 1169, ""w"": 1025, ""x"": 779, ""y"": 0}, {""h"": 1169, ""w"": 585, ""x"": 1219, ""y"": 0}, {""h"": 1169, ""w"": 1804, ""x"": 0, ""y"": 0}], ""height"": 1169, ""width"": 1804}, ""sizes"": {""large"": {""h"": 1169, ""resize"": ""fit"", ""w"": 1804}, ""medium"": {""h"": 778, ""resize"": ""fit"", ""w"": 1200}, ""small"": {""h"": 441, ""resize"": ""fit"", ""w"": 680}, ""thumb"": {""h"": 150, ""resize"": ""crop"", ""w"": 150}}, ""type"": ""photo"", ""url"": ""https://t.co/U5EaSzbJsW""}]}, ""favorite_count"": 6, ""favorited"": false, ""full_text"": ""$SPCX rallied on huge volume today despite the expiration of its first major lockup period, which had raised concerns about a potential flood of shares hitting the market, with multiple outlets noting that true believers propelled the stock higher through the event.\n\nStrong https://t.co/U5EaSzbJsW"", ""id_str"": ""2085516170690732087"", ""is_quote_status"": false, ""lang"": ""en"", ""possibly_sensitive"": false, ""possibly_sensitive_editable"": true, ""quote_count"": 0, ""reply_count"": 0, ""retweet_count"": 0, ""retweeted"": false, ""user_id_str"": ""2036269976311799808""}, ""note_tweet"": {""is_expandable"": true, ""note_tweet_results"": {""result"": {""entity_set"": {""hashtags"": [], ""symbols"": [{""indices"": [0, 5], ""tag"": {""info"": {""info"": {""name"": ""SpaceX"", ""ticker"": ""SPCX""}}}, ""text"": ""SPCX""}], ""urls"": [], ""user_mentions"": []}, ""id"": ""Tm90ZVR3ZWV0OjIwODU1MTYxNzA2MDI2OTI2MDg="", ""media"": {""inline_media"": []}, ""richtext"": {""richtext_tags"": []}, ""text"": ""$SPCX rallied on huge volume today despite the expiration of its first major lockup period, which had raised concerns about a potential flood of shares hitting the market, with multiple outlets noting that true believers propelled the stock higher through the event.\n\nStrong revenue results are adding fuel to the move, with SpaceX having crushed its revenue expectations, while Elon Musk has pulled forward an ambitious $1 trillion revenue goal to 2030. \n\nThe confirmation of a Terafab chip factory site, a joint venture with Tesla targeting AI compute infrastructure, is also drawing fresh attention to the company's growth ambitions.""}}}, ""rest_id"": ""2085516170690732087"", ""source"": ""<a href=\""https://mobile.twitter.com\"" rel=\""nofollow\"">Twitter Web App</a>"", ""unmention_data"": {}, ""views"": {""count"": ""278"", ""state"": ""EnabledWithCount""}}",,[],278
2085516034057150558,Thu Aug 06 23:59:04 +0000 2026,WR4NYGov,Warren Redlich - Chasing Dreams 🇺🇸,@mooroobee @scotsrule08 @JoeTegtmeyer @Tesla @SpaceX Hyperloop,0,0,0,https://x.com/WR4NYGov/status/2085516034057150558,[],,0,,[],2085508198379790585,mooroobee,False,False,nl,"[""mooroobee"", ""scotsrule08"", ""JoeTegtmeyer"", ""Tesla"", ""SpaceX""]",,0,"{""__typename"": ""Tweet"", ""core"": {""user_results"": {""result"": {""__typename"": ""User"", ""action_counts"": {""favorites_count"": 272753}, ""affiliates_highlighted_label"": {""label"": {""badge"": {""url"": ""https://pbs.twimg.com/profile_images/2091490555528085504/sOxpcvJR_bigger.jpg""}, ""description"": ""Rebellionaire"", ""url"": {""url"": ""https://twitter.com/Rebellionaire"", ""urlType"": ""DeepLink""}, ""userLabelDisplayType"": ""Badge"", ""userLabelType"": ""BusinessLabel""}}, ""avatar"": {""image_url"": ""https://pbs.twimg.com/profile_images/2094269019662798849/W_67we2g_normal.jpg""}, ""banner"": {""image_url"": ""https://pbs.twimg.com/profile_banners/108365454/1763564552""}, ""core"": {""created_at"": ""Mon Jan 25 18:26:05 +0000 2010"", ""name"": ""Warren Redlich - Chasing Dreams 🇺🇸"", ""screen_name"": ""WR4NYGov""}, ""follow_request_sent"": false, ""has_graduated_access"": true, ""id"": ""VXNlcjoxMDgzNjU0NTQ="", ""is_blue_verified"": true, ""location"": {""location"": ""Florida, USA""}, ""media_permissions"": {""can_media_tag"": false}, ""notifications_settings"": {""notifications_enabled"": false}, ""parody_commentary_fan_label"": ""None"", ""pinned_items"": {""tweet_ids_str"": [""2099712888386596935""]}, ""possibly_sensitive"": false, ""privacy"": {""protected"": false}, ""professional"": {""category"": [{""icon_name"": ""IconBriefcaseStroke"", ""id"": 1042, ""name"": ""Content Creator""}], ""professional_type"": ""Creator"", ""rest_id"": ""1631991452757524480""}, ""profile_bio"": {""description"": ""AI Stocks Report, Tesla, SpaceX, Nvidia, Google & More. Subscribe for AI Options Strategy."", ""entities"": {""description"": {}, ""url"": {""urls"": [{""display_url"": ""tesla.com/referral/warre…"", ""expanded_url"": ""https://www.tesla.com/referral/warren26324"", ""indices"": [0, 23], ""url"": ""https://t.co/xkvTlWyj31""}]}}}, ""profile_description_language"": ""en"", ""profile_image_shape"": ""Circle"", ""profile_metadata"": {""profile_interstitial_type"": """"}, ""profile_translation"": {""translator_type"": ""none""}, ""relationship_counts"": {""followers"": 109812, ""following"": 3860}, ""relationship_perspectives"": {""blocked_by"": false, ""blocking"": false, ""followed_by"": false, ""following"": false, ""live_following"": false, ""muting"": false}, ""rest_id"": ""108365454"", ""super_follow_eligible"": true, ""super_followed_by"": false, ""super_following"": false, ""tweet_counts"": {""media_tweets"": 22620, ""tweets"": 171748}, ""verification"": {""verified"": false}, ""website"": {""url"": ""https://t.co/xkvTlWyj31""}}}}, ""edit_control"": {""edit_tweet_ids"": [""2085516034057150558""], ""editable_until_msecs"": ""1786064344000"", ""edits_remaining"": ""5"", ""is_edit_eligible"": false}, ""grok_analysis_button"": true, ""is_translatable"": false, ""legacy"": {""bookmark_count"": 0, ""bookmarked"": false, ""conversation_id_str"": ""2085497281021682076"", ""created_at"": ""Thu Aug 06 23:59:04 +0000 2026"", ""display_text_range"": [53, 62], ""entities"": {""user_mentions"": [{""id_str"": ""1015730046865166337"", ""indices"": [0, 10], ""name"": ""mooroo 🐝"", ""screen_name"": ""mooroobee""}, {""id_str"": ""164866905"", ""indices"": [11, 23], ""name"": ""Spencer"", ""screen_name"": ""scotsrule08""}, {""id_str"": ""1288973134339739648"", ""indices"": [24, 37], ""name"": ""Joe Tegtmeyer 🚀 🤠🛸😎"", ""screen_name"": ""JoeTegtmeyer""}, {""id_str"": ""13298072"", ""indices"": [38, 44], ""name"": ""Tesla"", ""screen_name"": ""Tesla""}, {""id_str"": ""34743251"", ""indices"": [45, 52], ""name"": ""SpaceX"", ""screen_name"": ""SpaceX""}]}, ""favorite_count"": 0, ""favorited"": false, ""full_text"": ""@mooroobee @scotsrule08 @JoeTegtmeyer @Tesla @SpaceX Hyperloop"", ""id_str"": ""2085516034057150558"", ""in_reply_to_screen_name"": ""mooroobee"", ""in_reply_to_status_id_str"": ""2085508198379790585"", ""in_reply_to_user_id_str"": ""1015730046865166337"", ""is_quote_status"": false, ""lang"": ""nl"", ""quote_count"": 0, ""reply_count"": 0, ""retweet_count"": 0, ""retweeted"": false, ""user_id_str"": ""108365454""}, ""rest_id"": ""2085516034057150558"", ""source"": ""<a href=\""http://twitter.com/download/iphone\"" rel=\""nofollow\"">Twitter for iPhone</a>"", ""unmention_data"": {}, ""views"": {""count"": ""61"", ""state"": ""EnabledWithCount""}}",,[],61
2085516017430859876,Thu Aug 06 23:59:00 +0000 2026,ResisttheMS,Resist the Mainstream,"Dan Ives: ""It's my view that Tesla and SpaceX eventually merge… What I would argue is probably going to be the biggest AI company in the world.""
 https://t.co/pyKTQFk8kU",28,2,1,https://x.com/ResisttheMS/status/2085516017430859876,"[""https://pbs.twimg.com/amplify_video_thumb/2019865464135176192/img/nucCjsvDztMR12an.jpg""]",,1,,[],,,False,False,en,[],,0,"{""__typename"": ""Tweet"", ""card"": {""rest_id"": ""https://t.co/pyKTQFk8kU""}, ""core"": {""user_results"": {""result"": {""__typename"": ""User"", ""action_counts"": {""favorites_count"": 1176}, ""affiliates_highlighted_label"": {}, ""avatar"": {""image_url"": ""https://pbs.twimg.com/profile_images/1777217835036495872/atU7ay85_normal.jpg""}, ""banner"": {""image_url"": ""https://pbs.twimg.com/profile_banners/1441965051414339586/1722900474""}, ""core"": {""created_at"": ""Sun Sep 26 03:17:22 +0000 2021"", ""name"": ""Resist the Mainstream"", ""screen_name"": ""ResisttheMS""}, ""follow_request_sent"": false, ""has_graduated_access"": true, ""id"": ""VXNlcjoxNDQxOTY1MDUxNDE0MzM5NTg2"", ""is_blue_verified"": true, ""location"": {""location"": """"}, ""media_permissions"": {""can_media_tag"": true}, ""notifications_settings"": {""notifications_enabled"": false}, ""parody_commentary_fan_label"": ""None"", ""pinned_items"": {""tweet_ids_str"": [""2095588890337841584""]}, ""possibly_sensitive"": false, ""privacy"": {""protected"": false}, ""professional"": {""category"": [{""icon_name"": ""IconBriefcaseStroke"", ""id"": 580, ""name"": ""Media & News Company""}], ""professional_type"": ""Business"", ""rest_id"": ""1469782628999913472""}, ""profile_bio"": {""description"": ""Reporting the news the mainstream media won’t.⁣"", ""entities"": {""description"": {}, ""url"": {""urls"": [{""display_url"": ""linktr.ee/ResisttheMains…"", ""expanded_url"": ""http://linktr.ee/ResisttheMainstream"", ""indices"": [0, 23], ""url"": ""https://t.co/c1MX0OWewG""}]}}}, ""profile_description_language"": ""en"", ""profile_image_shape"": ""Circle"", ""profile_metadata"": {""profile_interstitial_type"": """"}, ""profile_translation"": {""translator_type"": ""none""}, ""relationship_counts"": {""followers"": 470883, ""following"": 155}, ""relationship_perspectives"": {""blocked_by"": false, ""blocking"": false, ""followed_by"": false, ""following"": false, ""live_following"": false, ""muting"": false}, ""rest_id"": ""1441965051414339586"", ""super_follow_eligible"": true, ""super_followed_by"": false, ""super_following"": false, ""tweet_counts"": {""media_tweets"": 43965, ""tweets"": 79091}, ""verification"": {""verified"": false}, ""website"": {""url"": ""https://t.co/c1MX0OWewG""}}}}, ""edit_control"": {""edit_tweet_ids"": [""2085516017430859876""], ""editable_until_msecs"": ""1786064340000"", ""edits_remaining"": ""5"", ""is_edit_eligible"": true}, ""grok_analysis_button"": true, ""is_translatable"": false, ""legacy"": {""bookmark_count"": 1, ""bookmarked"": false, ""conversation_id_str"": ""2085516017430859876"", ""created_at"": ""Thu Aug 06 23:59:00 +0000 2026"", ""display_text_range"": [0, 169], ""entities"": {""media"": [{""additional_media_info"": {""monetizable"": false, ""source_user"": {""user_results"": {""result"": {""__typename"": ""User"", ""action_counts"": {""favorites_count"": 202263}, ""affiliates_highlighted_label"": {}, ""avatar"": {""image_url"": ""https://pbs.twimg.com/profile_images/2089050162710929408/Xy5O8i3g_normal.jpg""}, ""banner"": {""image_url"": ""https://pbs.twimg.com/profile_banners/1016059981907386368/1767375574""}, ""core"": {""created_at"": ""Sun Jul 08 20:42:31 +0000 2018"", ""name"": ""Tesla Owners Silicon Valley"", ""screen_name"": ""teslaownersSV""}, ""follow_request_sent"": false, ""has_graduated_access"": true, ""id"": ""VXNlcjoxMDE2MDU5OTgxOTA3Mzg2MzY4"", ""is_blue_verified"": false, ""location"": {""location"": ""Silicon Valley""}, ""media_permissions"": {""can_media_tag"": true}, ""notifications_settings"": {""notifications_enabled"": false}, ""parody_commentary_fan_label"": ""None"", ""pinned_items"": {""tweet_ids_str"": [""2099862509318459426""]}, ""possibly_sensitive"": false, ""privacy"": {""protected"": false}, ""professional"": {""category"": [], ""professional_type"": ""Creator"", ""rest_id"": ""1644547182144667650""}, ""profile_bio"": {""description"": ""The most notorious Tesla Club in the world. Creator of @thextakeover and taking the Takeover global. \n2.9M followers across all channels"", ""entities"": {""description"": {}, ""url"": {""urls"": [{""display_url"": ""linktr.ee/Teslaownerssv"", ""expanded_url"": ""https://linktr.ee/Teslaownerssv"", ""indices"": [0, 23], ""url"": ""https://t.co/jL2WrOcbB1""}]}}}, ""profile_description_language"": ""en"", ""profile_image_shape"": ""Square"", ""profile_metadata"": {""profile_interstitial_type"": """"}, ""profile_translation"": {""translator_type"": ""none""}, ""relationship_counts"": {""followers"": 1442890, ""following"": 868}, ""relationship_perspectives"": {""blocked_by"": false, ""blocking"": false, ""followed_by"": false, ""following"": false, ""live_following"": false, ""muting"": false}, ""rest_id"": ""1016059981907386368"", ""super_follow_eligible"": true, ""super_followed_by"": false, ""super_following"": false, ""tweet_counts"": {""media_tweets"": 74129, ""tweets"": 215145}, ""verification"": {""verified"": false, ""verified_type"": ""Business""}, ""website"": {""url"": ""https://t.co/jL2WrOcbB1""}}}}}, ""allow_download_status"": {""allow_download"": true}, ""display_url"": ""pic.x.com/pyKTQFk8kU"", ""expanded_url"": ""https://x.com/teslaownersSV/status/2019865524310827129/video/1"", ""ext_media_availability"": {""status"": ""Available""}, ""id_str"": ""2019865464135176192"", ""indices"": [146, 169], ""media_key"": ""13_2019865464135176192"", ""media_results"": {""result"": {""media_key"": ""13_2019865464135176192""}}, ""media_url_https"": ""https://pbs.twimg.com/amplify_video_thumb/2019865464135176192/img/nucCjsvDztMR12an.jpg"", ""original_info"": {""focus_rects"": [], ""height"": 742, ""width"": 1320}, ""sizes"": {""large"": {""h"": 742, ""resize"": ""fit"", ""w"": 1320}, ""medium"": {""h"": 675, ""resize"": ""fit"", ""w"": 1200}, ""small"": {""h"": 382, ""resize"": ""fit"", ""w"": 680}, ""thumb"": {""h"": 150, ""resize"": ""crop"", ""w"": 150}}, ""source_status_id_str"": ""2019865524310827129"", ""source_user_id_str"": ""1016059981907386368"", ""type"": ""video"", ""url"": ""https://t.co/pyKTQFk8kU"", ""video_info"": {""aspect_ratio"": [660, 371], ""duration_millis"": 33086, ""variants"": [{""content_type"": ""application/x-mpegURL"", ""url"": ""https://video.twimg.com/amplify_video/2019865464135176192/pl/OfZU4qf23ttFonhc.m3u8?tag=21&v=b32""}, {""bitrate"": 256000, ""content_type"": ""video/mp4"", ""url"": ""https://video.twimg.com/amplify_video/2019865464135176192/vid/avc1/480x270/_wp70AGD0sZJotSs.mp4?tag=21""}, {""bitrate"": 832000, ""content_type"": ""video/mp4"", ""url"": ""https://video.twimg.com/amplify_video/2019865464135176192/vid/avc1/640x360/MMaIU5Gu0kLwc01g.mp4?tag=21""}, {""bitrate"": 2176000, ""content_type"": ""video/mp4"", ""url"": ""https://video.twimg.com/amplify_video/2019865464135176192/vid/avc1/1320x742/owtmNOATjhcX1LsV.mp4?tag=21""}]}}]}, ""extended_entities"": {""media"": [{""additional_media_info"": {""monetizable"": false, ""source_user"": {""user_results"": {""result"": {""__typename"": ""User"", ""action_counts"": {""favorites_count"": 202263}, ""affiliates_highlighted_label"": {}, ""avatar"": {""image_url"": ""https://pbs.twimg.com/profile_images/2089050162710929408/Xy5O8i3g_normal.jpg""}, ""banner"": {""image_url"": ""https://pbs.twimg.com/profile_banners/1016059981907386368/1767375574""}, ""core"": {""created_at"": ""Sun Jul 08 20:42:31 +0000 2018"", ""name"": ""Tesla Owners Silicon Valley"", ""screen_name"": ""teslaownersSV""}, ""follow_request_sent"": false, ""has_graduated_access"": true, ""id"": ""VXNlcjoxMDE2MDU5OTgxOTA3Mzg2MzY4"", ""is_blue_verified"": false, ""location"": {""location"": ""Silicon Valley""}, ""media_permissions"": {""can_media_tag"": true}, ""notifications_settings"": {""notifications_enabled"": false}, ""parody_commentary_fan_label"": ""None"", ""pinned_items"": {""tweet_ids_str"": [""2099862509318459426""]}, ""possibly_sensitive"": false, ""privacy"": {""protected"": false}, ""professional"": {""category"": [], ""professional_type"": ""Creator"", ""rest_id"": ""1644547182144667650""}, ""profile_bio"": {""description"": ""The most notorious Tesla Club in the world. Creator of @thextakeover and taking the Takeover global. \n2.9M followers across all channels"", ""entities"": {""description"": {}, ""url"": {""urls"": [{""display_url"": ""linktr.ee/Teslaownerssv"", ""expanded_url"": ""https://linktr.ee/Teslaownerssv"", ""indices"": [0, 23], ""url"": ""https://t.co/jL2WrOcbB1""}]}}}, ""profile_description_language"": ""en"", ""profile_image_shape"": ""Square"", ""profile_metadata"": {""profile_interstitial_type"": """"}, ""profile_translation"": {""translator_type"": ""none""}, ""relationship_counts"": {""followers"": 1442890, ""following"": 868}, ""relationship_perspectives"": {""blocked_by"": false, ""blocking"": false, ""followed_by"": false, ""following"": false, ""live_following"": false, ""muting"": false}, ""rest_id"": ""1016059981907386368"", ""super_follow_eligible"": true, ""super_followed_by"": false, ""super_following"": false, ""tweet_counts"": {""media_tweets"": 74129, ""tweets"": 215145}, ""verification"": {""verified"": false, ""verified_type"": ""Business""}, ""website"": {""url"": ""https://t.co/jL2WrOcbB1""}}}}}, ""allow_download_status"": {""allow_download"": true}, ""display_url"": ""pic.x.com/pyKTQFk8kU"", ""expanded_url"": ""https://x.com/teslaownersSV/status/2019865524310827129/video/1"", ""ext_media_availability"": {""status"": ""Available""}, ""id_str"": ""2019865464135176192"", ""indices"": [146, 169], ""media_key"": ""13_2019865464135176192"", ""media_results"": {""result"": {""media_key"": ""13_2019865464135176192""}}, ""media_url_https"": ""https://pbs.twimg.com/amplify_video_thumb/2019865464135176192/img/nucCjsvDztMR12an.jpg"", ""original_info"": {""focus_rects"": [], ""height"": 742, ""width"": 1320}, ""sizes"": {""large"": {""h"": 742, ""resize"": ""fit"", ""w"": 1320}, ""medium"": {""h"": 675, ""resize"": ""fit"", ""w"": 1200}, ""small"": {""h"": 382, ""resize"": ""fit"", ""w"": 680}, ""thumb"": {""h"": 150, ""resize"": ""crop"", ""w"": 150}}, ""source_status_id_str"": ""2019865524310827129"", ""source_user_id_str"": ""1016059981907386368"", ""type"": ""video"", ""url"": ""https://t.co/pyKTQFk8kU"", ""video_info"": {""aspect_ratio"": [660, 371], ""duration_millis"": 33086, ""variants"": [{""content_type"": ""application/x-mpegURL"", ""url"": ""https://video.twimg.com/amplify_video/2019865464135176192/pl/OfZU4qf23ttFonhc.m3u8?tag=21&v=b32""}, {""bitrate"": 256000, ""content_type"": ""video/mp4"", ""url"": ""https://video.twimg.com/amplify_video/2019865464135176192/vid/avc1/480x270/_wp70AGD0sZJotSs.mp4?tag=21""}, {""bitrate"": 832000, ""content_type"": ""video/mp4"", ""url"": ""https://video.twimg.com/amplify_video/2019865464135176192/vid/avc1/640x360/MMaIU5Gu0kLwc01g.mp4?tag=21""}, {""bitrate"": 2176000, ""content_type"": ""video/mp4"", ""url"": ""https://video.twimg.com/amplify_video/2019865464135176192/vid/avc1/1320x742/owtmNOATjhcX1LsV.mp4?tag=21""}]}}]}, ""favorite_count"": 28, ""favorited"": false, ""full_text"": ""Dan Ives: \""It's my view that Tesla and SpaceX eventually merge… What I would argue is probably going to be the biggest AI company in the world.\""\n https://t.co/pyKTQFk8kU"", ""id_str"": ""2085516017430859876"", ""is_quote_status"": false, ""lang"": ""en"", ""possibly_sensitive"": false, ""possibly_sensitive_editable"": true, ""quote_count"": 0, ""reply_count"": 1, ""retweet_count"": 2, ""retweeted"": false, ""user_id_str"": ""1441965051414339586""}, ""rest_id"": ""2085516017430859876"", ""source"": ""<a href=\""https://mobile.twitter.com\"" rel=\""nofollow\"">Twitter Web App</a>"", ""unmention_data"": {}, ""views"": {""count"": ""13045"", ""state"": ""EnabledWithCount""}}",,[],13045
2085515895598883309,Thu Aug 06 23:58:31 +0000 2026,planetaryengsys,PLANETARY-ENERGY-SYSTEMS-PTY-LTD,@SpaceX Starship wells on the moon? 🌒 @SpaceX @elonmusk,8,1,1,https://x.com/planetaryengsys/status/2085515895598883309,[],"Vertical Habitat Well Network

Shielded subsurface transport-vessel habitats for the Moon and Mars

What if early lunar and Martian settlements used vertical habitat wells instead of broad horizontal tunnel networks? In this concept, a reusable transport vessel is lowered into a https://t.co/qIHivQhKGx",1,,[],2085366782269817116,SpaceX,True,False,en,"[""SpaceX"", ""SpaceX"", ""elonmusk""]","{""tweet_id"": ""2085505636155154790"", ""user"": {""screen_name"": ""planetaryengsys"", ""name"": ""PLANETARY-ENERGY-SYSTEMS-PTY-LTD""}, ""timestamp"": ""Thu Aug 06 23:17:45 +0000 2026"", ""text"": ""Vertical Habitat Well Network\n\nShielded subsurface transport-vessel habitats for the Moon and Mars\n\nWhat if early lunar and Martian settlements used vertical habitat wells instead of broad horizontal tunnel networks? In this concept, a reusable transport vessel is lowered into a 50–60 m deep, ~10 m diameter engineered shaft, fully buried beneath the surface for improved protection from radiation, micrometeorites, and temperature extremes. A compact armored surface access node connects directly to the vessel through a sealed elevator-to-nose docking interface, while horizontal pressurized tunnels can link multiple wells into a growing underground network. The idea is modular: one vessel, one well, connected later into a larger settlement system.\n\nThis is a separate concept from Mars Vessel City, but it builds on the same long-term thinking: using landed transport vessels as permanent habitat assets rather than temporary surface hardware. The vertical-well approach may offer a smaller surface footprint, strong natural shielding, and the ability to bring protected habitat modules online one shaft at a time before linking them into broader underground infrastructure. A fully buried vessel also means the deepest living areas benefit from the greatest surrounding mass overhead — a potentially useful advantage for long-duration habitation on the Moon or Mars.\n\nCitation / reference\n\nRelated prior concept:\nJaggard, S. Mars Vessel City: Subsurface Urban Habitat Framework (v1.3). Zenodo. 2026.\nDOI: 10.5281/zenodo.21751775\n\nZenodo link\n\nhttps://t.co/KnQnxCOZyj\n\nHashtags\n\n#Mars #Moon #LunarBase #MarsBase #SpaceArchitecture #SpaceHabitat #MarsSettlement #MoonSettlement #SubsurfaceHabitat #UndergroundHabitat #Starship #SpaceEngineering #OffWorldLiving #HumanSpaceflight #PlanetarySettlement #RegolithShielding #RadiationProtection #FutureOfSpace #MarsColony #LunarColony #SettlementDesign #HabitatEngineering #SpaceConcept #Zenodo #Terraforming #SurfaceToSubsurface #DeepSpaceHabitat #MarsVesselCity #SpaceInfrastructure #ISR @elonmusk @SpaceX @NASA"", ""embedded_text"": null, ""emojis"": null, ""comments"": 2, ""likes"": 3, ""retweets"": 1, ""media"": {""image_links"": [""https://pbs.twimg.com/media/HPE0UOCa4AA6g3G.jpg""], ""video_links"": []}, ""tweet_url"": ""https://x.com/planetaryengsys/status/2085505636155154790"", ""raw"": null, ""views"": 8559, ""quotes"": 1, ""bookmarks"": 2, ""lang"": ""en"", ""hashtags"": [], ""mentions"": [], ""urls"": [], ""in_reply_to_tweet_id"": null, ""in_reply_to_user"": null, ""is_quote"": false, ""is_retweet"": false, ""quoted_tweet"": null, ""retweeted_tweet"": null}",0,"{""__typename"": ""Tweet"", ""core"": {""user_results"": {""result"": {""__typename"": ""User"", ""action_counts"": {""favorites_count"": 1232}, ""affiliates_highlighted_label"": {}, ""avatar"": {""image_url"": ""https://pbs.twimg.com/profile_images/2033305506371272704/t3ylan7r_normal.jpg""}, ""banner"": {""image_url"": ""https://pbs.twimg.com/profile_banners/2023891435943284736/1781517456""}, ""core"": {""created_at"": ""Tue Feb 17 22:47:05 +0000 2026"", ""name"": ""PLANETARY-ENERGY-SYSTEMS-PTY-LTD"", ""screen_name"": ""planetaryengsys""}, ""follow_request_sent"": false, ""has_graduated_access"": true, ""id"": ""VXNlcjoyMDIzODkxNDM1OTQzMjg0NzM2"", ""is_blue_verified"": true, ""location"": {""location"": ""Australia""}, ""media_permissions"": {""can_media_tag"": true}, ""notifications_settings"": {""notifications_enabled"": false}, ""parody_commentary_fan_label"": ""None"", ""pinned_items"": {}, ""possibly_sensitive"": false, ""privacy"": {""protected"": false}, ""professional"": {""category"": [{""icon_name"": ""IconBriefcaseStroke"", ""id"": 713, ""name"": ""Science & Technology""}], ""professional_type"": ""Business"", ""rest_id"": ""2067041269319430174""}, ""profile_bio"": {""description"": ""Australian deep-tech R&D | Lunar/Mars energy & habitat systems | ISRU innovation | https://t.co/pkAy6yM8JJ"", ""entities"": {""description"": {""urls"": [{""display_url"": ""planetaryenergysystems.org"", ""expanded_url"": ""http://planetaryenergysystems.org"", ""indices"": [83, 106], ""url"": ""https://t.co/pkAy6yM8JJ""}]}, ""url"": {""urls"": [{""display_url"": ""planetaryenergysystems.org"", ""expanded_url"": ""http://planetaryenergysystems.org"", ""indices"": [0, 23], ""url"": ""https://t.co/pkAy6yM8JJ""}]}}}, ""profile_image_shape"": ""Circle"", ""profile_metadata"": {""profile_interstitial_type"": """"}, ""profile_translation"": {""translator_type"": ""none""}, ""relationship_counts"": {""followers"": 158, ""following"": 322}, ""relationship_perspectives"": {""blocked_by"": false, ""blocking"": false, ""followed_by"": false, ""following"": false, ""live_following"": false, ""muting"": false}, ""rest_id"": ""2023891435943284736"", ""super_follow_eligible"": false, ""super_followed_by"": false, ""super_following"": false, ""tweet_counts"": {""media_tweets"": 150, ""tweets"": 1089}, ""verification"": {""verified"": false}, ""website"": {""url"": ""https://t.co/pkAy6yM8JJ""}}}}, ""edit_control"": {""edit_tweet_ids"": [""2085515895598883309""], ""editable_until_msecs"": ""1786064311000"", ""edits_remaining"": ""5"", ""is_edit_eligible"": false}, ""grok_analysis_button"": true, ""is_translatable"": false, ""legacy"": {""bookmark_count"": 1, ""bookmarked"": false, ""conversation_id_str"": ""2085366782269817116"", ""created_at"": ""Thu Aug 06 23:58:31 +0000 2026"", ""display_text_range"": [8, 55], ""entities"": {""user_mentions"": [{""id_str"": ""34743251"", ""indices"": [0, 7], ""name"": ""SpaceX"", ""screen_name"": ""SpaceX""}, {""id_str"": ""34743251"", ""indices"": [38, 45], ""name"": ""SpaceX"", ""screen_name"": ""SpaceX""}, {""id_str"": ""44196397"", ""indices"": [46, 55], ""name"": ""Elon Musk"", ""screen_name"": ""elonmusk""}]}, ""favorite_count"": 8, ""favorited"": false, ""full_text"": ""@SpaceX Starship wells on the moon? 🌒 @SpaceX @elonmusk"", ""id_str"": ""2085515895598883309"", ""in_reply_to_screen_name"": ""SpaceX"", ""in_reply_to_status_id_str"": ""2085366782269817116"", ""in_reply_to_user_id_str"": ""34743251"", ""is_quote_status"": true, ""lang"": ""en"", ""quote_count"": 0, ""quoted_status_id_str"": ""2085505636155154790"", ""quoted_status_permalink"": {""display"": ""x.com/planetaryengsy…"", ""expanded"": ""https://twitter.com/planetaryengsys/status/2085505636155154790"", ""url"": ""https://t.co/8eM1CQpIml""}, ""reply_count"": 1, ""retweet_count"": 1, ""retweeted"": false, ""user_id_str"": ""2023891435943284736""}, ""quoted_status_result"": {""result"": {""__typename"": ""Tweet"", ""core"": {""user_results"": {""result"": {""__typename"": ""User"", ""action_counts"": {""favorites_count"": 1232}, ""affiliates_highlighted_label"": {}, ""avatar"": {""image_url"": ""https://pbs.twimg.com/profile_images/2033305506371272704/t3ylan7r_normal.jpg""}, ""banner"": {""image_url"": ""https://pbs.twimg.com/profile_banners/2023891435943284736/1781517456""}, ""core"": {""created_at"": ""Tue Feb 17 22:47:05 +0000 2026"", ""name"": ""PLANETARY-ENERGY-SYSTEMS-PTY-LTD"", ""screen_name"": ""planetaryengsys""}, ""follow_request_sent"": false, ""has_graduated_access"": true, ""id"": ""VXNlcjoyMDIzODkxNDM1OTQzMjg0NzM2"", ""is_blue_verified"": true, ""location"": {""location"": ""Australia""}, ""media_permissions"": {""can_media_tag"": true}, ""notifications_settings"": {""notifications_enabled"": false}, ""parody_commentary_fan_label"": ""None"", ""pinned_items"": {}, ""possibly_sensitive"": false, ""privacy"": {""protected"": false}, ""professional"": {""category"": [{""icon_name"": ""IconBriefcaseStroke"", ""id"": 713, ""name"": ""Science & Technology""}], ""professional_type"": ""Business"", ""rest_id"": ""2067041269319430174""}, ""profile_bio"": {""description"": ""Australian deep-tech R&D | Lunar/Mars energy & habitat systems | ISRU innovation | https://t.co/pkAy6yM8JJ"", ""entities"": {""description"": {""urls"": [{""display_url"": ""planetaryenergysystems.org"", ""expanded_url"": ""http://planetaryenergysystems.org"", ""indices"": [83, 106], ""url"": ""https://t.co/pkAy6yM8JJ""}]}, ""url"": {""urls"": [{""display_url"": ""planetaryenergysystems.org"", ""expanded_url"": ""http://planetaryenergysystems.org"", ""indices"": [0, 23], ""url"": ""https://t.co/pkAy6yM8JJ""}]}}}, ""profile_image_shape"": ""Circle"", ""profile_metadata"": {""profile_interstitial_type"": """"}, ""profile_translation"": {""translator_type"": ""none""}, ""relationship_counts"": {""followers"": 158, ""following"": 322}, ""relationship_perspectives"": {""blocked_by"": false, ""blocking"": false, ""followed_by"": false, ""following"": false, ""live_following"": false, ""muting"": false}, ""rest_id"": ""2023891435943284736"", ""super_follow_eligible"": false, ""super_followed_by"": false, ""super_following"": false, ""tweet_counts"": {""media_tweets"": 150, ""tweets"": 1089}, ""verification"": {""verified"": false}, ""website"": {""url"": ""https://t.co/pkAy6yM8JJ""}}}}, ""edit_control"": {""edit_tweet_ids"": [""2085505636155154790""], ""editable_until_msecs"": ""1786061865000"", ""edits_remaining"": ""5"", ""is_edit_eligible"": false}, ""grok_analysis_button"": true, ""is_translatable"": false, ""legacy"": {""bookmark_count"": 2, ""bookmarked"": false, ""conversation_id_str"": ""2085505636155154790"", ""created_at"": ""Thu Aug 06 23:17:45 +0000 2026"", ""display_text_range"": [0, 279], ""entities"": {""media"": [{""allow_download_status"": {""allow_download"": true}, ""display_url"": ""pic.x.com/qIHivQhKGx"", ""expanded_url"": ""https://x.com/planetaryengsys/status/2085505636155154790/photo/1"", ""ext_media_availability"": {""status"": ""Available""}, ""features"": {""all"": {""tags"": [{""name"": ""SpaceX"", ""screen_name"": ""SpaceX"", ""type"": ""user"", ""user_id"": ""34743251""}, {""name"": ""European Space Agency"", ""screen_name"": ""esa"", ""type"": ""user"", ""user_id"": ""21436960""}, {""name"": ""NASA"", ""screen_name"": ""NASA"", ""type"": ""user"", ""user_id"": ""11348282""}, {""name"": ""NASA Artemis"", ""screen_name"": ""NASAArtemis"", ""type"": ""user"", ""user_id"": ""632344577""}, {""name"": ""NASA Moon Base"", ""screen_name"": ""NASAMoonBase"", ""type"": ""user"", ""user_id"": ""2031457713868386305""}, {""name"": ""NASA JPL"", ""screen_name"": ""NASAJPL"", ""type"": ""user"", ""user_id"": ""19802879""}, {""name"": ""NASA Administrator Jared Isaacman"", ""screen_name"": ""NASAAdmin"", ""type"": ""user"", ""user_id"": ""2000593641480605696""}, {""name"": ""NSF - NASASpaceflight.com"", ""screen_name"": ""NASASpaceflight"", ""type"": ""user"", ""user_id"": ""21292523""}, {""name"": ""Australian Space Agency"", ""screen_name"": ""AusSpaceAgency"", ""type"": ""user"", ""user_id"": ""1033956293210329088""}, {""name"": ""NASA Mars"", ""screen_name"": ""NASAMars"", ""type"": ""user"", ""user_id"": ""15165502""}]}, ""large"": {""faces"": [{""h"": 58, ""w"": 58, ""x"": 1174, ""y"": 55}, {""h"": 180, ""w"": 180, ""x"": 1288, ""y"": 210}]}, ""medium"": {""faces"": [{""h"": 45, ""w"": 45, ""x"": 917, ""y"": 42}, {""h"": 140, ""w"": 140, ""x"": 1006, ""y"": 164}]}, ""orig"": {""faces"": [{""h"": 58, ""w"": 58, ""x"": 1174, ""y"": 55}, {""h"": 180, ""w"": 180, ""x"": 1288, ""y"": 210}]}, ""small"": {""faces"": [{""h"": 25, ""w"": 25, ""x"": 519, ""y"": 24}, {""h"": 79, ""w"": 79, ""x"": 570, ""y"": 92}]}}, ""id_str"": ""2085505624419524608"", ""indices"": [280, 303], ""media_key"": ""3_2085505624419524608"", ""media_results"": {""result"": {""media_key"": ""3_2085505624419524608""}}, ""media_url_https"": ""https://pbs.twimg.com/media/HPE0UOCa4AA6g3G.jpg"", ""original_info"": {""focus_rects"": [{""h"": 860, ""w"": 1536, ""x"": 0, ""y"": 164}, {""h"": 1024, ""w"": 1024, ""x"": 256, ""y"": 0}, {""h"": 1024, ""w"": 898, ""x"": 319, ""y"": 0}, {""h"": 1024, ""w"": 512, ""x"": 512, ""y"": 0}, {""h"": 1024, ""w"": 1536, ""x"": 0, ""y"": 0}], ""height"": 1024, ""width"": 1536}, ""sizes"": {""large"": {""h"": 1024, ""resize"": ""fit"", ""w"": 1536}, ""medium"": {""h"": 800, ""resize"": ""fit"", ""w"": 1200}, ""small"": {""h"": 453, ""resize"": ""fit"", ""w"": 680}, ""thumb"": {""h"": 150, ""resize"": ""crop"", ""w"": 150}}, ""type"": ""photo"", ""url"": ""https://t.co/qIHivQhKGx""}]}, ""extended_entities"": {""media"": [{""allow_download_status"": {""allow_download"": true}, ""display_url"": ""pic.x.com/qIHivQhKGx"", ""expanded_url"": ""https://x.com/planetaryengsys/status/2085505636155154790/photo/1"", ""ext_media_availability"": {""status"": ""Available""}, ""features"": {""all"": {""tags"": [{""name"": ""SpaceX"", ""screen_name"": ""SpaceX"", ""type"": ""user"", ""user_id"": ""34743251""}, {""name"": ""European Space Agency"", ""screen_name"": ""esa"", ""type"": ""user"", ""user_id"": ""21436960""}, {""name"": ""NASA"", ""screen_name"": ""NASA"", ""type"": ""user"", ""user_id"": ""11348282""}, {""name"": ""NASA Artemis"", ""screen_name"": ""NASAArtemis"", ""type"": ""user"", ""user_id"": ""632344577""}, {""name"": ""NASA Moon Base"", ""screen_name"": ""NASAMoonBase"", ""type"": ""user"", ""user_id"": ""2031457713868386305""}, {""name"": ""NASA JPL"", ""screen_name"": ""NASAJPL"", ""type"": ""user"", ""user_id"": ""19802879""}, {""name"": ""NASA Administrator Jared Isaacman"", ""screen_name"": ""NASAAdmin"", ""type"": ""user"", ""user_id"": ""2000593641480605696""}, {""name"": ""NSF - NASASpaceflight.com"", ""screen_name"": ""NASASpaceflight"", ""type"": ""user"", ""user_id"": ""21292523""}, {""name"": ""Australian Space Agency"", ""screen_name"": ""AusSpaceAgency"", ""type"": ""user"", ""user_id"": ""1033956293210329088""}, {""name"": ""NASA Mars"", ""screen_name"": ""NASAMars"", ""type"": ""user"", ""user_id"": ""15165502""}]}, ""large"": {""faces"": [{""h"": 58, ""w"": 58, ""x"": 1174, ""y"": 55}, {""h"": 180, ""w"": 180, ""x"": 1288, ""y"": 210}]}, ""medium"": {""faces"": [{""h"": 45, ""w"": 45, ""x"": 917, ""y"": 42}, {""h"": 140, ""w"": 140, ""x"": 1006, ""y"": 164}]}, ""orig"": {""faces"": [{""h"": 58, ""w"": 58, ""x"": 1174, ""y"": 55}, {""h"": 180, ""w"": 180, ""x"": 1288, ""y"": 210}]}, ""small"": {""faces"": [{""h"": 25, ""w"": 25, ""x"": 519, ""y"": 24}, {""h"": 79, ""w"": 79, ""x"": 570, ""y"": 92}]}}, ""id_str"": ""2085505624419524608"", ""indices"": [280, 303], ""media_key"": ""3_2085505624419524608"", ""media_results"": {""result"": {""media_key"": ""3_2085505624419524608""}}, ""media_url_https"": ""https://pbs.twimg.com/media/HPE0UOCa4AA6g3G.jpg"", ""original_info"": {""focus_rects"": [{""h"": 860, ""w"": 1536, ""x"": 0, ""y"": 164}, {""h"": 1024, ""w"": 1024, ""x"": 256, ""y"": 0}, {""h"": 1024, ""w"": 898, ""x"": 319, ""y"": 0}, {""h"": 1024, ""w"": 512, ""x"": 512, ""y"": 0}, {""h"": 1024, ""w"": 1536, ""x"": 0, ""y"": 0}], ""height"": 1024, ""width"": 1536}, ""sizes"": {""large"": {""h"": 1024, ""resize"": ""fit"", ""w"": 1536}, ""medium"": {""h"": 800, ""resize"": ""fit"", ""w"": 1200}, ""small"": {""h"": 453, ""resize"": ""fit"", ""w"": 680}, ""thumb"": {""h"": 150, ""resize"": ""crop"", ""w"": 150}}, ""type"": ""photo"", ""url"": ""https://t.co/qIHivQhKGx""}]}, ""favorite_count"": 3, ""favorited"": false, ""full_text"": ""Vertical Habitat Well Network\n\nShielded subsurface transport-vessel habitats for the Moon and Mars\n\nWhat if early lunar and Martian settlements used vertical habitat wells instead of broad horizontal tunnel networks? In this concept, a reusable transport vessel is lowered into a https://t.co/qIHivQhKGx"", ""id_str"": ""2085505636155154790"", ""is_quote_status"": false, ""lang"": ""en"", ""possibly_sensitive"": false, ""possibly_sensitive_editable"": true, ""quote_count"": 1, ""reply_count"": 2, ""retweet_count"": 1, ""retweeted"": false, ""user_id_str"": ""2023891435943284736""}, ""note_tweet"": {""is_expandable"": true, ""note_tweet_results"": {""result"": {""entity_set"": {""hashtags"": [{""indices"": [1586, 1591], ""text"": ""Mars""}, {""indices"": [1592, 1597], ""text"": ""Moon""}, {""indices"": [1598, 1608], ""text"": ""LunarBase""}, {""indices"": [1609, 1618], ""text"": ""MarsBase""}, {""indices"": [1619, 1637], ""text"": ""SpaceArchitecture""}, {""indices"": [1638, 1651], ""text"": ""SpaceHabitat""}, {""indices"": [1652, 1667], ""text"": ""MarsSettlement""}, {""indices"": [1668, 1683], ""text"": ""MoonSettlement""}, {""indices"": [1684, 1702], ""text"": ""SubsurfaceHabitat""}, {""indices"": [1703, 1722], ""text"": ""UndergroundHabitat""}, {""indices"": [1723, 1732], ""text"": ""Starship""}, {""indices"": [1733, 1750], ""text"": ""SpaceEngineering""}, {""indices"": [1751, 1766], ""text"": ""OffWorldLiving""}, {""indices"": [1767, 1784], ""text"": ""HumanSpaceflight""}, {""indices"": [1785, 1805], ""text"": ""PlanetarySettlement""}, {""indices"": [1806, 1824], ""text"": ""RegolithShielding""}, {""indices"": [1825, 1845], ""text"": ""RadiationProtection""}, {""indices"": [1846, 1860], ""text"": ""FutureOfSpace""}, {""indices"": [1861, 1872], ""text"": ""MarsColony""}, {""indices"": [1873, 1885], ""text"": ""LunarColony""}, {""indices"": [1886, 1903], ""text"": ""SettlementDesign""}, {""indices"": [1904, 1923], ""text"": ""HabitatEngineering""}, {""indices"": [1924, 1937], ""text"": ""SpaceConcept""}, {""indices"": [1938, 1945], ""text"": ""Zenodo""}, {""indices"": [1946, 1959], ""text"": ""Terraforming""}, {""indices"": [1960, 1980], ""text"": ""SurfaceToSubsurface""}, {""indices"": [1981, 1998], ""text"": ""DeepSpaceHabitat""}, {""indices"": [1999, 2014], ""text"": ""MarsVesselCity""}, {""indices"": [2015, 2035], ""text"": ""SpaceInfrastructure""}, {""indices"": [2036, 2040], ""text"": ""ISR""}], ""symbols"": [], ""timestamps"": [], ""urls"": [{""display_url"": ""doi.org/10.5281/zenodo…"", ""expanded_url"": ""https://doi.org/10.5281/zenodo.21751775"", ""indices"": [1551, 1574], ""url"": ""https://t.co/KnQnxCOZyj""}], ""user_mentions"": [{""id_str"": ""44196397"", ""indices"": [2041, 2050], ""name"": ""Elon Musk"", ""screen_name"": ""elonmusk""}, {""id_str"": ""34743251"", ""indices"": [2051, 2058], ""name"": ""SpaceX"", ""screen_name"": ""SpaceX""}, {""id_str"": ""11348282"", ""indices"": [2059, 2064], ""name"": ""NASA"", ""screen_name"": ""NASA""}]}, ""id"": ""Tm90ZVR3ZWV0OjIwODU1MDU2MzU5NjY0OTY3Njg="", ""text"": ""Vertical Habitat Well Network\n\nShielded subsurface transport-vessel habitats for the Moon and Mars\n\nWhat if early lunar and Martian settlements used vertical habitat wells instead of broad horizontal tunnel networks? In this concept, a reusable transport vessel is lowered into a 50–60 m deep, ~10 m diameter engineered shaft, fully buried beneath the surface for improved protection from radiation, micrometeorites, and temperature extremes. A compact armored surface access node connects directly to the vessel through a sealed elevator-to-nose docking interface, while horizontal pressurized tunnels can link multiple wells into a growing underground network. The idea is modular: one vessel, one well, connected later into a larger settlement system.\n\nThis is a separate concept from Mars Vessel City, but it builds on the same long-term thinking: using landed transport vessels as permanent habitat assets rather than temporary surface hardware. The vertical-well approach may offer a smaller surface footprint, strong natural shielding, and the ability to bring protected habitat modules online one shaft at a time before linking them into broader underground infrastructure. A fully buried vessel also means the deepest living areas benefit from the greatest surrounding mass overhead — a potentially useful advantage for long-duration habitation on the Moon or Mars.\n\nCitation / reference\n\nRelated prior concept:\nJaggard, S. Mars Vessel City: Subsurface Urban Habitat Framework (v1.3). Zenodo. 2026.\nDOI: 10.5281/zenodo.21751775\n\nZenodo link\n\nhttps://t.co/KnQnxCOZyj\n\nHashtags\n\n#Mars #Moon #LunarBase #MarsBase #SpaceArchitecture #SpaceHabitat #MarsSettlement #MoonSettlement #SubsurfaceHabitat #UndergroundHabitat #Starship #SpaceEngineering #OffWorldLiving #HumanSpaceflight #PlanetarySettlement #RegolithShielding #RadiationProtection #FutureOfSpace #MarsColony #LunarColony #SettlementDesign #HabitatEngineering #SpaceConcept #Zenodo #Terraforming #SurfaceToSubsurface #DeepSpaceHabitat #MarsVesselCity #SpaceInfrastructure #ISR @elonmusk @SpaceX @NASA""}}}, ""rest_id"": ""2085505636155154790"", ""source"": ""<a href=\""http://twitter.com/#!/download/ipad\"" rel=\""nofollow\"">Twitter for iPad</a>"", ""unmention_data"": {}, ""views"": {""count"": ""8559"", ""state"": ""EnabledWithCount""}}}, ""rest_id"": ""2085515895598883309"", ""source"": ""<a href=\""http://twitter.com/#!/download/ipad\"" rel=\""nofollow\"">Twitter for iPad</a>"", ""unmention_data"": {}, ""views"": {""count"": ""4192"", ""state"": ""EnabledWithCount""}}",,[],4192
2085515858147713506,Thu Aug 06 23:58:22 +0000 2026,TarasMazurOff,Taras Mazur | Frontier Tech,"@elonmusk This is the most cyberpunk thing SpaceX has dropped yet. ✊🏻

Question is - how many years until the first wafer comes out of Terafab? 2029? 2031?",6,0,1,https://x.com/TarasMazurOff/status/2085515858147713506,[],,0,,[],2085510570753556940,elonmusk,False,False,en,"[""elonmusk""]",,0,"{""__typename"": ""Tweet"", ""core"": {""user_results"": {""result"": {""__typename"": ""User"", ""action_counts"": {""favorites_count"": 3214}, ""affiliates_highlighted_label"": {}, ""avatar"": {""image_url"": ""https://pbs.twimg.com/profile_images/2090229183091818496/vbVSVbtJ_normal.jpg""}, ""banner"": {""image_url"": ""https://pbs.twimg.com/profile_banners/2737971531/1787078925""}, ""core"": {""created_at"": ""Sat Aug 09 09:57:53 +0000 2014"", ""name"": ""Taras Mazur | Frontier Tech"", ""screen_name"": ""TarasMazurOff""}, ""follow_request_sent"": false, ""has_graduated_access"": true, ""id"": ""VXNlcjoyNzM3OTcxNTMx"", ""is_blue_verified"": false, ""location"": {""location"": """"}, ""media_permissions"": {""can_media_tag"": false}, ""notifications_settings"": {""notifications_enabled"": false}, ""parody_commentary_fan_label"": ""None"", ""pinned_items"": {}, ""possibly_sensitive"": false, ""privacy"": {""protected"": false}, ""professional"": {""category"": [], ""professional_type"": ""Creator"", ""rest_id"": ""1827387822447181843""}, ""profile_bio"": {""description"": ""Founder | @WMHoldingCO & @NoirSingularis\nFuture Infrastructure | The Dream Society\nBridging the 4th Industrial Revolution → the 5th."", ""entities"": {""description"": {}, ""url"": {""urls"": [{""display_url"": ""tarasmazur.com"", ""expanded_url"": ""https://tarasmazur.com"", ""indices"": [0, 23], ""url"": ""https://t.co/9XQpIRQTvp""}]}}}, ""profile_description_language"": ""en"", ""profile_image_shape"": ""Circle"", ""profile_metadata"": {""profile_interstitial_type"": """"}, ""profile_translation"": {""translator_type"": ""none""}, ""relationship_counts"": {""followers"": 101, ""following"": 1010}, ""relationship_perspectives"": {""blocked_by"": false, ""blocking"": false, ""followed_by"": false, ""following"": false, ""live_following"": false, ""muting"": false}, ""rest_id"": ""2737971531"", ""super_follow_eligible"": false, ""super_followed_by"": false, ""super_following"": false, ""tweet_counts"": {""media_tweets"": 25, ""tweets"": 304}, ""verification"": {""verified"": false}, ""website"": {""url"": ""https://t.co/9XQpIRQTvp""}}}}, ""edit_control"": {""edit_tweet_ids"": [""2085515858147713506""], ""editable_until_msecs"": ""1786064302000"", ""edits_remaining"": ""5"", ""is_edit_eligible"": false}, ""grok_analysis_button"": true, ""is_translatable"": false, ""legacy"": {""bookmark_count"": 0, ""bookmarked"": false, ""conversation_id_str"": ""2085510570753556940"", ""created_at"": ""Thu Aug 06 23:58:22 +0000 2026"", ""display_text_range"": [10, 155], ""entities"": {""user_mentions"": [{""id_str"": ""44196397"", ""indices"": [0, 9], ""name"": ""Elon Musk"", ""screen_name"": ""elonmusk""}]}, ""favorite_count"": 6, ""favorited"": false, ""full_text"": ""@elonmusk This is the most cyberpunk thing SpaceX has dropped yet. ✊🏻\n\nQuestion is - how many years until the first wafer comes out of Terafab? 2029? 2031?"", ""id_str"": ""2085515858147713506"", ""in_reply_to_screen_name"": ""elonmusk"", ""in_reply_to_status_id_str"": ""2085510570753556940"", ""in_reply_to_user_id_str"": ""44196397"", ""is_quote_status"": false, ""lang"": ""en"", ""quote_count"": 0, ""reply_count"": 1, ""retweet_count"": 0, ""retweeted"": false, ""user_id_str"": ""2737971531""}, ""rest_id"": ""2085515858147713506"", ""source"": ""<a href=\""http://twitter.com/download/iphone\"" rel=\""nofollow\"">Twitter for iPhone</a>"", ""unmention_data"": {}, ""views"": {""count"": ""28"", ""state"": ""EnabledWithCount""}}",,[],28
2085515529737875922,Thu Aug 06 23:57:03 +0000 2026,infobaetecno,Infobae Tecnología,Cómo SpaceX expandió su negocio más allá de los cohetes y por qué la apuesta de Elon Musk empezó a inquietar a Wall Street https://t.co/VunC0a6PaB,0,0,0,https://x.com/infobaetecno/status/2085515529737875922,[],,0,,[],,,False,False,es,[],,0,"{""__typename"": ""Tweet"", ""card"": {""legacy"": {""binding_values"": [{""key"": ""photo_image_full_size_large"", ""value"": {""image_value"": {""height"": 419, ""url"": ""https://pbs.twimg.com/card_img/2099001188494512131/yQV8c8nR?format=jpg&name=800x419"", ""width"": 800}, ""type"": ""IMAGE""}}, {""key"": ""thumbnail_image"", ""value"": {""image_value"": {""height"": 200, ""url"": ""https://pbs.twimg.com/card_img/2099001188494512131/yQV8c8nR?format=jpg&name=400x400"", ""width"": 400}, ""type"": ""IMAGE""}}, {""key"": ""description"", ""value"": {""string_value"": ""Los primeros resultados trimestrales mostraron una empresa que crece a gran velocidad, pero que también necesita invertir cada vez más para sostener ese ritmo, un escenario que Tomás Trapé analizó en..."", ""type"": ""STRING""}}, {""key"": ""domain"", ""value"": {""string_value"": ""www.infobae.com"", ""type"": ""STRING""}}, {""key"": ""thumbnail_image_large"", ""value"": {""image_value"": {""height"": 300, ""url"": ""https://pbs.twimg.com/card_img/2099001188494512131/yQV8c8nR?format=jpg&name=600x600"", ""width"": 600}, ""type"": ""IMAGE""}}, {""key"": ""summary_photo_image_small"", ""value"": {""image_value"": {""height"": 202, ""url"": ""https://pbs.twimg.com/card_img/2099001188494512131/yQV8c8nR?format=jpg&name=386x202"", ""width"": 386}, ""type"": ""IMAGE""}}, {""key"": ""thumbnail_image_original"", ""value"": {""image_value"": {""height"": 512, ""url"": ""https://pbs.twimg.com/card_img/2099001188494512131/yQV8c8nR?format=jpg&name=orig"", ""width"": 1024}, ""type"": ""IMAGE""}}, {""key"": ""site"", ""value"": {""scribe_key"": ""publisher_id"", ""type"": ""USER"", ""user_value"": {""id_str"": ""69416519"", ""path"": []}}}, {""key"": ""photo_image_full_size_small"", ""value"": {""image_value"": {""height"": 202, ""url"": ""https://pbs.twimg.com/card_img/2099001188494512131/yQV8c8nR?format=jpg&name=386x202"", ""width"": 386}, ""type"": ""IMAGE""}}, {""key"": ""summary_photo_image_large"", ""value"": {""image_value"": {""height"": 419, ""url"": ""https://pbs.twimg.com/card_img/2099001188494512131/yQV8c8nR?format=jpg&name=800x419"", ""width"": 800}, ""type"": ""IMAGE""}}, {""key"": ""thumbnail_image_small"", ""value"": {""image_value"": {""height"": 72, ""url"": ""https://pbs.twimg.com/card_img/2099001188494512131/yQV8c8nR?format=jpg&name=144x144"", ""width"": 144}, ""type"": ""IMAGE""}}, {""key"": ""creator"", ""value"": {""type"": ""USER"", ""user_value"": {""id_str"": ""69416519"", ""path"": []}}}, {""key"": ""thumbnail_image_x_large"", ""value"": {""image_value"": {""height"": 512, ""url"": ""https://pbs.twimg.com/card_img/2099001188494512131/yQV8c8nR?format=png&name=2048x2048_2_exp"", ""width"": 1024}, ""type"": ""IMAGE""}}, {""key"": ""photo_image_full_size_original"", ""value"": {""image_value"": {""height"": 512, ""url"": ""https://pbs.twimg.com/card_img/2099001188494512131/yQV8c8nR?format=jpg&name=orig"", ""width"": 1024}, ""type"": ""IMAGE""}}, {""key"": ""vanity_url"", ""value"": {""scribe_key"": ""vanity_url"", ""string_value"": ""infobae.com"", ""type"": ""STRING""}}, {""key"": ""photo_image_full_size"", ""value"": {""image_value"": {""height"": 314, ""url"": ""https://pbs.twimg.com/card_img/2099001188494512131/yQV8c8nR?format=jpg&name=600x314"", ""width"": 600}, ""type"": ""IMAGE""}}, {""key"": ""thumbnail_image_color"", ""value"": {""image_color_value"": {""palette"": [{""percentage"": 85.18, ""rgb"": {""blue"": 0, ""green"": 0, ""red"": 0}}, {""percentage"": 7.67, ""rgb"": {""blue"": 178, ""green"": 179, ""red"": 200}}, {""percentage"": 3.7, ""rgb"": {""blue"": 123, ""green"": 125, ""red"": 136}}, {""percentage"": 2.8, ""rgb"": {""blue"": 129, ""green"": 123, ""red"": 134}}, {""percentage"": 1.34, ""rgb"": {""blue"": 108, ""green"": 104, ""red"": 145}}]}, ""type"": ""IMAGE_COLOR""}}, {""key"": ""title"", ""value"": {""string_value"": ""Cómo SpaceX expandió su negocio más allá de los cohetes y por qué la apuesta de Elon Musk empezó a..."", ""type"": ""STRING""}}, {""key"": ""summary_photo_image_color"", ""value"": {""image_color_value"": {""palette"": [{""percentage"": 85.18, ""rgb"": {""blue"": 0, ""green"": 0, ""red"": 0}}, {""percentage"": 7.67, ""rgb"": {""blue"": 178, ""green"": 179, ""red"": 200}}, {""percentage"": 3.7, ""rgb"": {""blue"": 123, ""green"": 125, ""red"": 136}}, {""percentage"": 2.8, ""rgb"": {""blue"": 129, ""green"": 123, ""red"": 134}}, {""percentage"": 1.34, ""rgb"": {""blue"": 108, ""green"": 104, ""red"": 145}}]}, ""type"": ""IMAGE_COLOR""}}, {""key"": ""summary_photo_image_x_large"", ""value"": {""image_value"": {""height"": 512, ""url"": ""https://pbs.twimg.com/card_img/2099001188494512131/yQV8c8nR?format=png&name=2048x2048_2_exp"", ""width"": 1024}, ""type"": ""IMAGE""}}, {""key"": ""summary_photo_image"", ""value"": {""image_value"": {""height"": 314, ""url"": ""https://pbs.twimg.com/card_img/2099001188494512131/yQV8c8nR?format=jpg&name=600x314"", ""width"": 600}, ""type"": ""IMAGE""}}, {""key"": ""photo_image_full_size_color"", ""value"": {""image_color_value"": {""palette"": [{""percentage"": 85.18, ""rgb"": {""blue"": 0, ""green"": 0, ""red"": 0}}, {""percentage"": 7.67, ""rgb"": {""blue"": 178, ""green"": 179, ""red"": 200}}, {""percentage"": 3.7, ""rgb"": {""blue"": 123, ""green"": 125, ""red"": 136}}, {""percentage"": 2.8, ""rgb"": {""blue"": 129, ""green"": 123, ""red"": 134}}, {""percentage"": 1.34, ""rgb"": {""blue"": 108, ""green"": 104, ""red"": 145}}]}, ""type"": ""IMAGE_COLOR""}}, {""key"": ""photo_image_full_size_x_large"", ""value"": {""image_value"": {""height"": 512, ""url"": ""https://pbs.twimg.com/card_img/2099001188494512131/yQV8c8nR?format=png&name=2048x2048_2_exp"", ""width"": 1024}, ""type"": ""IMAGE""}}, {""key"": ""card_url"", ""value"": {""scribe_key"": ""card_url"", ""string_value"": ""https://t.co/VunC0a6PaB"", ""type"": ""STRING""}}, {""key"": ""summary_photo_image_original"", ""value"": {""image_value"": {""height"": 512, ""url"": ""https://pbs.twimg.com/card_img/2099001188494512131/yQV8c8nR?format=jpg&name=orig"", ""width"": 1024}, ""type"": ""IMAGE""}}], ""card_platform"": {""platform"": {""audience"": {""name"": ""production""}, ""device"": {""name"": ""Swift"", ""version"": ""12""}}}, ""name"": ""summary_large_image"", ""url"": ""https://t.co/VunC0a6PaB"", ""user_refs_results"": [{""result"": {""__typename"": ""User"", ""action_counts"": {""favorites_count"": 8708}, ""affiliates_highlighted_label"": {}, ""avatar"": {""image_url"": ""https://pbs.twimg.com/profile_images/1984814508439736320/cBtO0nwJ_normal.jpg""}, ""banner"": {""image_url"": ""https://pbs.twimg.com/profile_banners/69416519/1787748271""}, ""core"": {""created_at"": ""Thu Aug 27 21:57:01 +0000 2009"", ""name"": ""infobae"", ""screen_name"": ""infobae""}, ""follow_request_sent"": false, ""has_graduated_access"": true, ""id"": ""VXNlcjo2OTQxNjUxOQ=="", ""is_blue_verified"": true, ""location"": {""location"": """"}, ""media_permissions"": {""can_media_tag"": false}, ""notifications_settings"": {""notifications_enabled"": false}, ""parody_commentary_fan_label"": ""None"", ""pinned_items"": {}, ""possibly_sensitive"": false, ""privacy"": {""protected"": false}, ""profile_bio"": {""description"": ""Hacemos periodismo, lo hacemos con pasión."", ""entities"": {""description"": {}, ""url"": {""urls"": [{""display_url"": ""infobae.com"", ""expanded_url"": ""http://infobae.com"", ""indices"": [0, 23], ""url"": ""https://t.co/AnV4eDU1KF""}]}}}, ""profile_description_language"": ""es"", ""profile_image_shape"": ""Square"", ""profile_metadata"": {""profile_interstitial_type"": """"}, ""profile_translation"": {""translator_type"": ""none""}, ""relationship_counts"": {""followers"": 3567864, ""following"": 1}, ""relationship_perspectives"": {""blocked_by"": false, ""blocking"": false, ""followed_by"": false, ""following"": false, ""live_following"": false, ""muting"": false}, ""rest_id"": ""69416519"", ""super_follow_eligible"": false, ""super_followed_by"": false, ""super_following"": false, ""tweet_counts"": {""media_tweets"": 431912, ""tweets"": 1460882}, ""verification"": {""verified"": false, ""verified_type"": ""Business""}, ""website"": {""url"": ""https://t.co/AnV4eDU1KF""}}}, {""result"": {""__typename"": ""User"", ""action_counts"": {""favorites_count"": 8708}, ""affiliates_highlighted_label"": {}, ""avatar"": {""image_url"": ""https://pbs.twimg.com/profile_images/1984814508439736320/cBtO0nwJ_normal.jpg""}, ""banner"": {""image_url"": ""https://pbs.twimg.com/profile_banners/69416519/1787748271""}, ""core"": {""created_at"": ""Thu Aug 27 21:57:01 +0000 2009"", ""name"": ""infobae"", ""screen_name"": ""infobae""}, ""follow_request_sent"": false, ""has_graduated_access"": true, ""id"": ""VXNlcjo2OTQxNjUxOQ=="", ""is_blue_verified"": true, ""location"": {""location"": """"}, ""media_permissions"": {""can_media_tag"": false}, ""notifications_settings"": {""notifications_enabled"": false}, ""parody_commentary_fan_label"": ""None"", ""pinned_items"": {}, ""possibly_sensitive"": false, ""privacy"": {""protected"": false}, ""profile_bio"": {""description"": ""Hacemos periodismo, lo hacemos con pasión."", ""entities"": {""description"": {}, ""url"": {""urls"": [{""display_url"": ""infobae.com"", ""expanded_url"": ""http://infobae.com"", ""indices"": [0, 23], ""url"": ""https://t.co/AnV4eDU1KF""}]}}}, ""profile_description_language"": ""es"", ""profile_image_shape"": ""Square"", ""profile_metadata"": {""profile_interstitial_type"": """"}, ""profile_translation"": {""translator_type"": ""none""}, ""relationship_counts"": {""followers"": 3567864, ""following"": 1}, ""relationship_perspectives"": {""blocked_by"": false, ""blocking"": false, ""followed_by"": false, ""following"": false, ""live_following"": false, ""muting"": false}, ""rest_id"": ""69416519"", ""super_follow_eligible"": false, ""super_followed_by"": false, ""super_following"": false, ""tweet_counts"": {""media_tweets"": 431912, ""tweets"": 1460882}, ""verification"": {""verified"": false, ""verified_type"": ""Business""}, ""website"": {""url"": ""https://t.co/AnV4eDU1KF""}}}]}, ""rest_id"": ""https://t.co/VunC0a6PaB""}, ""core"": {""user_results"": {""result"": {""__typename"": ""User"", ""action_counts"": {""favorites_count"": 0}, ""affiliates_highlighted_label"": {}, ""avatar"": {""image_url"": ""https://pbs.twimg.com/profile_images/875434514323001344/E8ei39Ye_normal.jpg""}, ""banner"": {""image_url"": ""https://pbs.twimg.com/profile_banners/8973572/1535987973""}, ""core"": {""created_at"": ""Wed Sep 19 13:16:35 +0000 2007"", ""name"": ""Infobae Tecnología"", ""screen_name"": ""infobaetecno""}, ""follow_request_sent"": false, ""has_graduated_access"": true, ""id"": ""VXNlcjo4OTczNTcy"", ""is_blue_verified"": false, ""location"": {""location"": """"}, ""media_permissions"": {""can_media_tag"": true}, ""notifications_settings"": {""notifications_enabled"": false}, ""parody_commentary_fan_label"": ""None"", ""pinned_items"": {}, ""possibly_sensitive"": false, ""privacy"": {""protected"": false}, ""profile_bio"": {""description"": ""Todo el tiempo. Todas las noticias de tecnología y tendencias digitales."", ""entities"": {""description"": {}, ""url"": {""urls"": [{""display_url"": ""infobae.com/america/tecno/"", ""expanded_url"": ""https://www.infobae.com/america/tecno/"", ""indices"": [0, 23], ""url"": ""https://t.co/F6A5loLqsH""}]}}}, ""profile_description_language"": ""es"", ""profile_image_shape"": ""Circle"", ""profile_metadata"": {""profile_interstitial_type"": """"}, ""profile_translation"": {""translator_type"": ""none""}, ""relationship_counts"": {""followers"": 156721, ""following"": 1701}, ""relationship_perspectives"": {""blocked_by"": false, ""blocking"": false, ""followed_by"": false, ""following"": false, ""live_following"": false, ""muting"": false}, ""rest_id"": ""8973572"", ""super_follow_eligible"": false, ""super_followed_by"": false, ""super_following"": false, ""tweet_counts"": {""media_tweets"": 11414, ""tweets"": 81172}, ""verification"": {""verified"": false}, ""website"": {""url"": ""https://t.co/F6A5loLqsH""}}}}, ""edit_control"": {""edit_tweet_ids"": [""2085515529737875922""], ""editable_until_msecs"": ""1786064223000"", ""edits_remaining"": ""5"", ""is_edit_eligible"": true}, ""grok_analysis_button"": true, ""is_translatable"": true, ""legacy"": {""bookmark_count"": 0, ""bookmarked"": false, ""conversation_id_str"": ""2085515529737875922"", ""created_at"": ""Thu Aug 06 23:57:03 +0000 2026"", ""display_text_range"": [0, 146], ""entities"": {""urls"": [{""display_url"": ""infobae.com/tecno/2026/08/…"", ""expanded_url"": ""https://www.infobae.com/tecno/2026/08/06/como-spacex-expandio-su-negocio-mas-alla-de-los-cohetes-y-por-que-la-apuesta-de-elon-musk-empezo-a-inquietar-a-wall-street/?utm_term=Autofeed&utm_medium=Social&utm_source=Twitter#Echobox=1786047703"", ""indices"": [123, 146], ""url"": ""https://t.co/VunC0a6PaB""}]}, ""favorite_count"": 0, ""favorited"": false, ""full_text"": ""Cómo SpaceX expandió su negocio más allá de los cohetes y por qué la apuesta de Elon Musk empezó a inquietar a Wall Street https://t.co/VunC0a6PaB"", ""id_str"": ""2085515529737875922"", ""is_quote_status"": false, ""lang"": ""es"", ""possibly_sensitive"": false, ""possibly_sensitive_editable"": true, ""quote_count"": 0, ""reply_count"": 0, ""retweet_count"": 0, ""retweeted"": false, ""user_id_str"": ""8973572""}, ""rest_id"": ""2085515529737875922"", ""source"": ""<a href=\""https://www.echobox.com/\"" rel=\""nofollow\"">Echobox-X</a>"", ""unmention_data"": {}, ""views"": {""count"": ""309"", ""state"": ""EnabledWithCount""}}",,"[""https://www.infobae.com/tecno/2026/08/06/como-spacex-expandio-su-negocio-mas-alla-de-los-cohetes-y-por-que-la-apuesta-de-elon-musk-empezo-a-inquietar-a-wall-street/?utm_term=Autofeed&utm_medium=Social&utm_source=Twitter#Echobox=1786047703""]",309
2085515463912763408,Thu Aug 06 23:56:48 +0000 2026,noname782721391,NoName,"@maks_p @Reformed_Trader What do you expect, exactly? A crystal ball?

Macro's been crazy. There's the Iran war. SpaceX IPO effects have been all over. Blue Origin dropping the ball w/ BB7 and then blowing up has also been rough. Did you expect that to be anticipated in the charts?",2,0,0,https://x.com/noname782721391/status/2085515463912763408,[],,0,,[],2085432705253089649,maks_p,False,False,en,"[""maks_p"", ""Reformed_Trader""]",,0,"{""__typename"": ""Tweet"", ""core"": {""user_results"": {""result"": {""__typename"": ""User"", ""action_counts"": {""favorites_count"": 28372}, ""affiliates_highlighted_label"": {}, ""avatar"": {""image_url"": ""https://pbs.twimg.com/profile_images/1885135778063540224/9_yx2A6g_normal.jpg""}, ""banner"": {""image_url"": ""https://pbs.twimg.com/profile_banners/1656445915241283584/1738286551""}, ""core"": {""created_at"": ""Wed May 10 23:47:52 +0000 2023"", ""name"": ""NoName"", ""screen_name"": ""noname782721391""}, ""follow_request_sent"": false, ""has_graduated_access"": true, ""id"": ""VXNlcjoxNjU2NDQ1OTE1MjQxMjgzNTg0"", ""is_blue_verified"": false, ""location"": {""location"": ""NOYB""}, ""media_permissions"": {""can_media_tag"": true}, ""notifications_settings"": {""notifications_enabled"": false}, ""parody_commentary_fan_label"": ""None"", ""pinned_items"": {}, ""possibly_sensitive"": false, ""privacy"": {""protected"": false}, ""profile_bio"": {""description"": ""Twitter forced me to write this."", ""entities"": {""description"": {}}}, ""profile_description_language"": ""en"", ""profile_image_shape"": ""Circle"", ""profile_metadata"": {""profile_interstitial_type"": """"}, ""profile_translation"": {""translator_type"": ""none""}, ""relationship_counts"": {""followers"": 196, ""following"": 135}, ""relationship_perspectives"": {""blocked_by"": false, ""blocking"": false, ""followed_by"": false, ""following"": false, ""live_following"": false, ""muting"": false}, ""rest_id"": ""1656445915241283584"", ""super_follow_eligible"": false, ""super_followed_by"": false, ""super_following"": false, ""tweet_counts"": {""media_tweets"": 789, ""tweets"": 9841}, ""verification"": {""verified"": false}, ""website"": {""url"": """"}}}}, ""edit_control"": {""edit_tweet_ids"": [""2085515463912763408""], ""editable_until_msecs"": ""1786064208000"", ""edits_remaining"": ""5"", ""is_edit_eligible"": false}, ""grok_analysis_button"": true, ""is_translatable"": false, ""legacy"": {""bookmark_count"": 0, ""bookmarked"": false, ""conversation_id_str"": ""2085427605243654442"", ""created_at"": ""Thu Aug 06 23:56:48 +0000 2026"", ""display_text_range"": [25, 282], ""entities"": {""user_mentions"": [{""id_str"": ""17166926"", ""indices"": [0, 7], ""name"": ""maks"", ""screen_name"": ""maks_p""}, {""id_str"": ""958087450274000896"", ""indices"": [8, 24], ""name"": ""Reformed Tr🅰️der"", ""screen_name"": ""Reformed_Trader""}]}, ""favorite_count"": 2, ""favorited"": false, ""full_text"": ""@maks_p @Reformed_Trader What do you expect, exactly? A crystal ball?\n\nMacro's been crazy. There's the Iran war. SpaceX IPO effects have been all over. Blue Origin dropping the ball w/ BB7 and then blowing up has also been rough. Did you expect that to be anticipated in the charts?"", ""id_str"": ""2085515463912763408"", ""in_reply_to_screen_name"": ""maks_p"", ""in_reply_to_status_id_str"": ""2085432705253089649"", ""in_reply_to_user_id_str"": ""17166926"", ""is_quote_status"": false, ""lang"": ""en"", ""quote_count"": 0, ""reply_count"": 0, ""retweet_count"": 0, ""retweeted"": false, ""user_id_str"": ""1656445915241283584""}, ""rest_id"": ""2085515463912763408"", ""source"": ""<a href=\""https://mobile.twitter.com\"" rel=\""nofollow\"">Twitter Web App</a>"", ""unmention_data"": {}, ""views"": {""count"": ""81"", ""state"": ""EnabledWithCount""}}",,[],81
2085515440558620949,Thu Aug 06 23:56:42 +0000 2026,AsteroidWhaleGo,AsteroidWhaleGo,@ahdddsss @AsteroidCoinOG @SpaceX It's true,5,0,0,https://x.com/AsteroidWhaleGo/status/2085515440558620949,[],,0,,[],2085514172859818491,ahdddsss,False,False,en,"[""ahdddsss"", ""AsteroidCoinOG"", ""SpaceX""]",,0,"{""__typename"": ""Tweet"", ""core"": {""user_results"": {""result"": {""__typename"": ""User"", ""action_counts"": {""favorites_count"": 2846}, ""affiliates_highlighted_label"": {}, ""avatar"": {""image_url"": ""https://pbs.twimg.com/profile_images/2066922645975666688/ftKD9YE1_normal.jpg""}, ""banner"": {""image_url"": """"}, ""core"": {""created_at"": ""Wed Apr 22 19:00:54 +0000 2026"", ""name"": ""AsteroidWhaleGo"", ""screen_name"": ""AsteroidWhaleGo""}, ""follow_request_sent"": false, ""has_graduated_access"": true, ""id"": ""VXNlcjoyMDQ3MDI3Nzg4ODcyMzcyMjI1"", ""is_blue_verified"": true, ""location"": {""location"": ""Schertz, TX""}, ""media_permissions"": {""can_media_tag"": true}, ""notifications_settings"": {""notifications_enabled"": false}, ""parody_commentary_fan_label"": ""None"", ""pinned_items"": {}, ""possibly_sensitive"": false, ""privacy"": {""protected"": false}, ""profile_bio"": {""description"": """", ""entities"": {""description"": {}}}, ""profile_image_shape"": ""Circle"", ""profile_metadata"": {""profile_interstitial_type"": """"}, ""profile_translation"": {""translator_type"": ""none""}, ""relationship_counts"": {""followers"": 153, ""following"": 415}, ""relationship_perspectives"": {""blocked_by"": false, ""blocking"": false, ""followed_by"": false, ""following"": false, ""live_following"": false, ""muting"": false}, ""rest_id"": ""2047027788872372225"", ""super_follow_eligible"": false, ""super_followed_by"": false, ""super_following"": false, ""tweet_counts"": {""media_tweets"": 319, ""tweets"": 2544}, ""verification"": {""verified"": false}, ""website"": {""url"": """"}}}}, ""edit_control"": {""edit_tweet_ids"": [""2085515440558620949""], ""editable_until_msecs"": ""1786064202000"", ""edits_remaining"": ""5"", ""is_edit_eligible"": false}, ""grok_analysis_button"": true, ""is_translatable"": false, ""legacy"": {""bookmark_count"": 0, ""bookmarked"": false, ""conversation_id_str"": ""2085514172859818491"", ""created_at"": ""Thu Aug 06 23:56:42 +0000 2026"", ""display_text_range"": [34, 43], ""entities"": {""user_mentions"": [{""id_str"": ""1791594797641162752"", ""indices"": [0, 9], ""name"": ""Ahdddsss"", ""screen_name"": ""ahdddsss""}, {""id_str"": ""1861658649539620864"", ""indices"": [10, 25], ""name"": ""ASTEROID® The Original on Ethereum"", ""screen_name"": ""AsteroidCoinOG""}, {""id_str"": ""34743251"", ""indices"": [26, 33], ""name"": ""SpaceX"", ""screen_name"": ""SpaceX""}]}, ""favorite_count"": 5, ""favorited"": false, ""full_text"": ""@ahdddsss @AsteroidCoinOG @SpaceX It's true"", ""id_str"": ""2085515440558620949"", ""in_reply_to_screen_name"": ""ahdddsss"", ""in_reply_to_status_id_str"": ""2085514172859818491"", ""in_reply_to_user_id_str"": ""1791594797641162752"", ""is_quote_status"": false, ""lang"": ""en"", ""quote_count"": 0, ""reply_count"": 0, ""retweet_count"": 0, ""retweeted"": false, ""user_id_str"": ""2047027788872372225""}, ""rest_id"": ""2085515440558620949"", ""source"": ""<a href=\""http://twitter.com/download/android\"" rel=\""nofollow\"">Twitter for Android</a>"", ""unmention_data"": {}, ""views"": {""count"": ""59"", ""state"": ""EnabledWithCount""}}",,[],59
2085515308308271109,Thu Aug 06 23:56:11 +0000 2026,aiwangupiao,爱玩股票AiWanGuPiao,"投资者关注中东谈判与企业财报 美股收跌道指终结五连涨 存储概念普跌、西部数据绩后大跌超13%

美东时间周四，美股三大指数集体走低，投资者正在消化最新一轮企业财报，另一方面关注美国与伊朗之间和平协议谈判是否取得进展。

截至收盘，道指跌0.85%，标普500指数跌0.18%，纳指跌0.06%。其中，道指终结日线5连涨。

大型科技股涨跌不一 ，微软涨2.54%，创去年11月以来新高；苹果涨0.45%，Meta涨0.19%，英伟达跌0.1%，亚马逊跌0.14%，特斯拉跌0.63%。SpaceX股价盘中一度下跌，但随后收复失地，最终上涨6.1%，总市值重新站上1.5万亿美元上方。

存储概念股普跌， Roundhill存储ETF跌超4%，西部数据跌超13%，铠侠ADR、闪迪跌超6%，SK海力士跌约5%，美光科技跌超1%。此前闪迪、西部数据两家公司公布季度业绩后遭市场抛售。 AI应用软件股暴跌，营销技术平台AppLovin因季度营收低于预期，股价暴跌19.7%；云安全公司Datadog则因预计第三季度营收增速将放缓，股价重挫19%；epam systems跌超15%，axon enterprise跌超14%。

纳斯达克中国金龙指数收涨0.27%，热门中概股涨跌不一，网易涨1.76%，京东涨0.83%，哔哩哔哩涨0.38%，腾讯控股、阿里巴巴跌超1%。",2,0,8,https://x.com/aiwangupiao/status/2085515308308271109,[],,0,,[],,,False,False,zh,[],,0,"{""__typename"": ""Tweet"", ""core"": {""user_results"": {""result"": {""__typename"": ""User"", ""action_counts"": {""favorites_count"": 3679}, ""affiliates_highlighted_label"": {}, ""avatar"": {""image_url"": ""https://pbs.twimg.com/profile_images/1936244744180387843/tlQfwG8J_normal.jpg""}, ""banner"": {""image_url"": ""https://pbs.twimg.com/profile_banners/256065509/1750471743""}, ""core"": {""created_at"": ""Tue Feb 22 15:51:32 +0000 2011"", ""name"": ""爱玩股票AiWanGuPiao"", ""screen_name"": ""aiwangupiao""}, ""follow_request_sent"": false, ""has_graduated_access"": true, ""id"": ""VXNlcjoyNTYwNjU1MDk="", ""is_blue_verified"": true, ""location"": {""location"": ""Republic of Singapore""}, ""media_permissions"": {""can_media_tag"": true}, ""notifications_settings"": {""notifications_enabled"": false}, ""parody_commentary_fan_label"": ""None"", ""pinned_items"": {}, ""possibly_sensitive"": false, ""privacy"": {""protected"": false}, ""professional"": {""category"": [{""icon_name"": ""IconBriefcaseStroke"", ""id"": 192, ""name"": ""Financial Services""}], ""professional_type"": ""Creator"", ""rest_id"": ""1692101480369844513""}, ""profile_bio"": {""description"": ""截止23年，我做股票已13年，职业炒股以此为生见过顶、抄过底，全靠真本事到现在，最好战绩一年10倍。不接受私信，更不会主动私信任何人。      \n\n我分享的只是经验、节奏、认知体系和我对市场的理解，供你参考。市场是个人战场，赚了亏了都要自己扛"", ""entities"": {""description"": {}}}, ""profile_description_language"": ""zh"", ""profile_image_shape"": ""Circle"", ""profile_metadata"": {""profile_interstitial_type"": """"}, ""profile_translation"": {""translator_type"": ""none""}, ""relationship_counts"": {""followers"": 114219, ""following"": 1890}, ""relationship_perspectives"": {""blocked_by"": false, ""blocking"": false, ""followed_by"": false, ""following"": false, ""live_following"": false, ""muting"": false}, ""rest_id"": ""256065509"", ""super_follow_eligible"": false, ""super_followed_by"": false, ""super_following"": false, ""tweet_counts"": {""media_tweets"": 8115, ""tweets"": 16567}, ""verification"": {""verified"": false}, ""website"": {""url"": """"}}}}, ""edit_control"": {""edit_tweet_ids"": [""2085515308308271109""], ""editable_until_msecs"": ""1786064171000"", ""edits_remaining"": ""5"", ""is_edit_eligible"": true}, ""grok_analysis_button"": true, ""is_translatable"": true, ""legacy"": {""bookmark_count"": 0, ""bookmarked"": false, ""conversation_id_str"": ""2085515308308271109"", ""created_at"": ""Thu Aug 06 23:56:11 +0000 2026"", ""display_text_range"": [0, 108], ""entities"": {}, ""favorite_count"": 2, ""favorited"": false, ""full_text"": ""投资者关注中东谈判与企业财报 美股收跌道指终结五连涨 存储概念普跌、西部数据绩后大跌超13%\n\n美东时间周四，美股三大指数集体走低，投资者正在消化最新一轮企业财报，另一方面关注美国与伊朗之间和平协议谈判是否取得进展。"", ""id_str"": ""2085515308308271109"", ""is_quote_status"": false, ""lang"": ""zh"", ""quote_count"": 0, ""reply_count"": 8, ""retweet_count"": 0, ""retweeted"": false, ""user_id_str"": ""256065509""}, ""note_tweet"": {""is_expandable"": true, ""note_tweet_results"": {""result"": {""entity_set"": {""hashtags"": [], ""symbols"": [], ""urls"": [], ""user_mentions"": []}, ""id"": ""Tm90ZVR3ZWV0OjIwODU1MTUzMDgyMjg1NzkzMjg="", ""media"": {""inline_media"": []}, ""richtext"": {""richtext_tags"": []}, ""text"": ""投资者关注中东谈判与企业财报 美股收跌道指终结五连涨 存储概念普跌、西部数据绩后大跌超13%\n\n美东时间周四，美股三大指数集体走低，投资者正在消化最新一轮企业财报，另一方面关注美国与伊朗之间和平协议谈判是否取得进展。\n\n截至收盘，道指跌0.85%，标普500指数跌0.18%，纳指跌0.06%。其中，道指终结日线5连涨。\n\n大型科技股涨跌不一 ，微软涨2.54%，创去年11月以来新高；苹果涨0.45%，Meta涨0.19%，英伟达跌0.1%，亚马逊跌0.14%，特斯拉跌0.63%。SpaceX股价盘中一度下跌，但随后收复失地，最终上涨6.1%，总市值重新站上1.5万亿美元上方。\n\n存储概念股普跌， Roundhill存储ETF跌超4%，西部数据跌超13%，铠侠ADR、闪迪跌超6%，SK海力士跌约5%，美光科技跌超1%。此前闪迪、西部数据两家公司公布季度业绩后遭市场抛售。 AI应用软件股暴跌，营销技术平台AppLovin因季度营收低于预期，股价暴跌19.7%；云安全公司Datadog则因预计第三季度营收增速将放缓，股价重挫19%；epam systems跌超15%，axon enterprise跌超14%。\n\n纳斯达克中国金龙指数收涨0.27%，热门中概股涨跌不一，网易涨1.76%，京东涨0.83%，哔哩哔哩涨0.38%，腾讯控股、阿里巴巴跌超1%。""}}}, ""rest_id"": ""2085515308308271109"", ""source"": ""<a href=\""https://mobile.twitter.com\"" rel=\""nofollow\"">Twitter Web App</a>"", ""unmention_data"": {}, ""views"": {""count"": ""4035"", ""state"": ""EnabledWithCount""}}",,[],4035
2085515263102120388,Thu Aug 06 23:56:00 +0000 2026,Gykiwi03,sean,"@FranciscoSpace5 Cross-network integration and manufacturing synergies with Iridium are a strong possibility. 
RKLB has a system Telcos could partner with and integrate, when they turned down SpaceX and others. SpaceX is challenging Telcos, Iridium is a need not a threat on market share.",2,0,0,https://x.com/Gykiwi03/status/2085515263102120388,[],,0,,[],2085510247636946968,FranciscoSpace5,False,False,en,"[""FranciscoSpace5""]",,0,"{""__typename"": ""Tweet"", ""core"": {""user_results"": {""result"": {""__typename"": ""User"", ""action_counts"": {""favorites_count"": 60003}, ""affiliates_highlighted_label"": {}, ""avatar"": {""image_url"": ""https://pbs.twimg.com/profile_images/1621678832028876802/v621xlfZ_normal.jpg""}, ""banner"": {""image_url"": ""https://pbs.twimg.com/profile_banners/1619265775000514560/1675473338""}, ""core"": {""created_at"": ""Sat Jan 28 09:30:26 +0000 2023"", ""name"": ""sean"", ""screen_name"": ""Gykiwi03""}, ""follow_request_sent"": false, ""has_graduated_access"": true, ""id"": ""VXNlcjoxNjE5MjY1Nzc1MDAwNTE0NTYw"", ""is_blue_verified"": false, ""location"": {""location"": ""Earth""}, ""media_permissions"": {""can_media_tag"": false}, ""notifications_settings"": {""notifications_enabled"": false}, ""parody_commentary_fan_label"": ""None"", ""pinned_items"": {""tweet_ids_str"": [""1775026668278808873""]}, ""possibly_sensitive"": false, ""privacy"": {""protected"": false}, ""profile_bio"": {""description"": ""NZ 🇳🇿🇺🇲🚀🐕\nPureblood forever.\nAnti totalitarian rule."", ""entities"": {""description"": {}}}, ""profile_image_shape"": ""Circle"", ""profile_metadata"": {""profile_interstitial_type"": """"}, ""profile_translation"": {""translator_type"": ""none""}, ""relationship_counts"": {""followers"": 2192, ""following"": 1796}, ""relationship_perspectives"": {""blocked_by"": false, ""blocking"": false, ""followed_by"": false, ""following"": false, ""live_following"": false, ""muting"": false}, ""rest_id"": ""1619265775000514560"", ""super_follow_eligible"": false, ""super_followed_by"": false, ""super_following"": false, ""tweet_counts"": {""media_tweets"": 7532, ""tweets"": 31182}, ""verification"": {""verified"": false}, ""website"": {""url"": """"}}}}, ""edit_control"": {""edit_tweet_ids"": [""2085515263102120388""], ""editable_until_msecs"": ""1786064160000"", ""edits_remaining"": ""5"", ""is_edit_eligible"": false}, ""grok_analysis_button"": true, ""is_translatable"": false, ""legacy"": {""bookmark_count"": 0, ""bookmarked"": false, ""conversation_id_str"": ""2085510247636946968"", ""created_at"": ""Thu Aug 06 23:56:00 +0000 2026"", ""display_text_range"": [17, 288], ""entities"": {""user_mentions"": [{""id_str"": ""1578455812338581532"", ""indices"": [0, 16], ""name"": ""FranciscoSpace5🚀🔬🦛"", ""screen_name"": ""FranciscoSpace5""}]}, ""favorite_count"": 2, ""favorited"": false, ""full_text"": ""@FranciscoSpace5 Cross-network integration and manufacturing synergies with Iridium are a strong possibility. \nRKLB has a system Telcos could partner with and integrate, when they turned down SpaceX and others. SpaceX is challenging Telcos, Iridium is a need not a threat on market share."", ""id_str"": ""2085515263102120388"", ""in_reply_to_screen_name"": ""FranciscoSpace5"", ""in_reply_to_status_id_str"": ""2085510247636946968"", ""in_reply_to_user_id_str"": ""1578455812338581532"", ""is_quote_status"": false, ""lang"": ""en"", ""quote_count"": 0, ""reply_count"": 0, ""retweet_count"": 0, ""retweeted"": false, ""user_id_str"": ""1619265775000514560""}, ""rest_id"": ""2085515263102120388"", ""source"": ""<a href=\""http://twitter.com/download/android\"" rel=\""nofollow\"">Twitter for Android</a>"", ""unmention_data"": {}, ""views"": {""count"": ""202"", ""state"": ""EnabledWithCount""}}",,[],202
2085515031546884168,Thu Aug 06 23:55:05 +0000 2026,business,Bloomberg,SpaceX plans to build its own power plants to support the massive semiconductor manufacturing facility it’s developing in Texas with Tesla https://t.co/IZwZDOtvuk,308,57,12,https://x.com/business/status/2085515031546884168,[],,24,,[],,,False,False,en,[],,9,"{""__typename"": ""Tweet"", ""card"": {""legacy"": {""binding_values"": [{""key"": ""description"", ""value"": {""string_value"": ""SpaceX plans to build its own power plants to support the massive semiconductor manufacturing facility it’s developing in Texas with Tesla Inc."", ""type"": ""STRING""}}, {""key"": ""domain"", ""value"": {""string_value"": ""www.bloomberg.com"", ""type"": ""STRING""}}, {""key"": ""site"", ""value"": {""scribe_key"": ""publisher_id"", ""type"": ""USER"", ""user_value"": {""id_str"": ""34713362"", ""path"": []}}}, {""key"": ""vanity_url"", ""value"": {""scribe_key"": ""vanity_url"", ""string_value"": ""bloomberg.com"", ""type"": ""STRING""}}, {""key"": ""title"", ""value"": {""string_value"": ""SpaceX to Build Natural Gas Power Plants for Texas Chip Factory"", ""type"": ""STRING""}}, {""key"": ""card_url"", ""value"": {""scribe_key"": ""card_url"", ""string_value"": ""https://t.co/IZwZDOtvuk"", ""type"": ""STRING""}}], ""card_platform"": {""platform"": {""audience"": {""name"": ""production""}, ""device"": {""name"": ""Swift"", ""version"": ""12""}}}, ""name"": ""summary_large_image"", ""url"": ""https://t.co/IZwZDOtvuk"", ""user_refs_results"": [{""result"": {""__typename"": ""User"", ""action_counts"": {""favorites_count"": 5617}, ""affiliates_highlighted_label"": {}, ""avatar"": {""image_url"": ""https://pbs.twimg.com/profile_images/1631723279676317709/-fjgaR2p_normal.jpg""}, ""banner"": {""image_url"": ""https://pbs.twimg.com/profile_banners/34713362/1759167039""}, ""core"": {""created_at"": ""Thu Apr 23 20:05:17 +0000 2009"", ""name"": ""Bloomberg"", ""screen_name"": ""business""}, ""follow_request_sent"": false, ""has_graduated_access"": true, ""id"": ""VXNlcjozNDcxMzM2Mg=="", ""is_blue_verified"": true, ""location"": {""location"": ""New York and the World""}, ""media_permissions"": {""can_media_tag"": true}, ""notifications_settings"": {""notifications_enabled"": false}, ""parody_commentary_fan_label"": ""None"", ""pinned_items"": {}, ""possibly_sensitive"": false, ""privacy"": {""protected"": false}, ""profile_bio"": {""description"": ""The first word in business news | Watch Live: https://t.co/nHEpHOAfg3 | Newsletters: https://t.co/nWaCxHTiks | Podcasts: https://t.co/096e9xMJF7"", ""entities"": {""description"": {""urls"": [{""display_url"": ""bloom.bg/videos"", ""expanded_url"": ""https://bloom.bg/videos"", ""indices"": [46, 69], ""url"": ""https://t.co/nHEpHOAfg3""}, {""display_url"": ""bloom.bg/newsletters"", ""expanded_url"": ""http://bloom.bg/newsletters"", ""indices"": [85, 108], ""url"": ""https://t.co/nWaCxHTiks""}, {""display_url"": ""bloom.bg/podcasts"", ""expanded_url"": ""http://bloom.bg/podcasts"", ""indices"": [121, 144], ""url"": ""https://t.co/096e9xMJF7""}]}, ""url"": {""urls"": [{""display_url"": ""bloom.bg/alphadots"", ""expanded_url"": ""https://bloom.bg/alphadots"", ""indices"": [0, 23], ""url"": ""https://t.co/1hjfo7AyL5""}]}}}, ""profile_description_language"": ""en"", ""profile_image_shape"": ""Square"", ""profile_metadata"": {""profile_interstitial_type"": """"}, ""profile_translation"": {""translator_type"": ""none""}, ""relationship_counts"": {""followers"": 10448747, ""following"": 107}, ""relationship_perspectives"": {""blocked_by"": false, ""blocking"": false, ""followed_by"": false, ""following"": false, ""live_following"": false, ""muting"": false}, ""rest_id"": ""34713362"", ""super_follow_eligible"": false, ""super_followed_by"": false, ""super_following"": false, ""tweet_counts"": {""media_tweets"": 325993, ""tweets"": 1288824}, ""verification"": {""verified"": false, ""verified_type"": ""Business""}, ""website"": {""url"": ""https://t.co/1hjfo7AyL5""}}}]}, ""rest_id"": ""https://t.co/IZwZDOtvuk""}, ""core"": {""user_results"": {""result"": {""__typename"": ""User"", ""action_counts"": {""favorites_count"": 5617}, ""affiliates_highlighted_label"": {}, ""avatar"": {""image_url"": ""https://pbs.twimg.com/profile_images/1631723279676317709/-fjgaR2p_normal.jpg""}, ""banner"": {""image_url"": ""https://pbs.twimg.com/profile_banners/34713362/1759167039""}, ""core"": {""created_at"": ""Thu Apr 23 20:05:17 +0000 2009"", ""name"": ""Bloomberg"", ""screen_name"": ""business""}, ""follow_request_sent"": false, ""has_graduated_access"": true, ""id"": ""VXNlcjozNDcxMzM2Mg=="", ""is_blue_verified"": true, ""location"": {""location"": ""New York and the World""}, ""media_permissions"": {""can_media_tag"": true}, ""notifications_settings"": {""notifications_enabled"": false}, ""parody_commentary_fan_label"": ""None"", ""pinned_items"": {}, ""possibly_sensitive"": false, ""privacy"": {""protected"": false}, ""profile_bio"": {""description"": ""The first word in business news | Watch Live: https://t.co/nHEpHOAfg3 | Newsletters: https://t.co/nWaCxHTiks | Podcasts: https://t.co/096e9xMJF7"", ""entities"": {""description"": {""urls"": [{""display_url"": ""bloom.bg/videos"", ""expanded_url"": ""https://bloom.bg/videos"", ""indices"": [46, 69], ""url"": ""https://t.co/nHEpHOAfg3""}, {""display_url"": ""bloom.bg/newsletters"", ""expanded_url"": ""http://bloom.bg/newsletters"", ""indices"": [85, 108], ""url"": ""https://t.co/nWaCxHTiks""}, {""display_url"": ""bloom.bg/podcasts"", ""expanded_url"": ""http://bloom.bg/podcasts"", ""indices"": [121, 144], ""url"": ""https://t.co/096e9xMJF7""}]}, ""url"": {""urls"": [{""display_url"": ""bloom.bg/alphadots"", ""expanded_url"": ""https://bloom.bg/alphadots"", ""indices"": [0, 23], ""url"": ""https://t.co/1hjfo7AyL5""}]}}}, ""profile_description_language"": ""en"", ""profile_image_shape"": ""Square"", ""profile_metadata"": {""profile_interstitial_type"": """"}, ""profile_translation"": {""translator_type"": ""none""}, ""relationship_counts"": {""followers"": 10448747, ""following"": 107}, ""relationship_perspectives"": {""blocked_by"": false, ""blocking"": false, ""followed_by"": false, ""following"": false, ""live_following"": false, ""muting"": false}, ""rest_id"": ""34713362"", ""super_follow_eligible"": false, ""super_followed_by"": false, ""super_following"": false, ""tweet_counts"": {""media_tweets"": 325993, ""tweets"": 1288824}, ""verification"": {""verified"": false, ""verified_type"": ""Business""}, ""website"": {""url"": ""https://t.co/1hjfo7AyL5""}}}}, ""edit_control"": {""edit_tweet_ids"": [""2085515031546884168""], ""editable_until_msecs"": ""1786064105000"", ""edits_remaining"": ""5"", ""is_edit_eligible"": true}, ""grok_analysis_button"": true, ""is_translatable"": false, ""legacy"": {""bookmark_count"": 24, ""bookmarked"": false, ""conversation_id_str"": ""2085515031546884168"", ""created_at"": ""Thu Aug 06 23:55:05 +0000 2026"", ""display_text_range"": [0, 162], ""entities"": {""urls"": [{""display_url"": ""bloomberg.com/news/articles/…"", ""expanded_url"": ""https://www.bloomberg.com/news/articles/2026-08-06/spacex-to-build-natural-gas-power-plants-for-texas-chip-factory?taid=6a751ed81674220001565069&utm_campaign=trueanthem&utm_content=business&utm_medium=social&utm_source=twitter"", ""indices"": [139, 162], ""url"": ""https://t.co/IZwZDOtvuk""}]}, ""favorite_count"": 308, ""favorited"": false, ""full_text"": ""SpaceX plans to build its own power plants to support the massive semiconductor manufacturing facility it’s developing in Texas with Tesla https://t.co/IZwZDOtvuk"", ""id_str"": ""2085515031546884168"", ""is_quote_status"": false, ""lang"": ""en"", ""possibly_sensitive"": false, ""possibly_sensitive_editable"": true, ""quote_count"": 9, ""reply_count"": 12, ""retweet_count"": 57, ""retweeted"": false, ""user_id_str"": ""34713362""}, ""rest_id"": ""2085515031546884168"", ""source"": ""<a href=\""https://trueanthem.com\"" rel=\""nofollow\"">trueanthem_pro2</a>"", ""unmention_data"": {}, ""views"": {""count"": ""56396"", ""state"": ""EnabledWithCount""}}",,"[""https://www.bloomberg.com/news/articles/2026-08-06/spacex-to-build-natural-gas-power-plants-for-texas-chip-factory?taid=6a751ed81674220001565069&utm_campaign=trueanthem&utm_content=business&utm_medium=social&utm_source=twitter""]",56396
2085514982050210148,Thu Aug 06 23:54:53 +0000 2026,TressChapin,Tress Chapin,@ElonEmpireUS SpaceX,7,3,1,https://x.com/TressChapin/status/2085514982050210148,[],,0,,[],2084883333654196553,ElonEmpireUS,False,False,en,"[""ElonEmpireUS""]",,1,"{""__typename"": ""Tweet"", ""core"": {""user_results"": {""result"": {""__typename"": ""User"", ""action_counts"": {""favorites_count"": 30663}, ""affiliates_highlighted_label"": {}, ""avatar"": {""image_url"": ""https://pbs.twimg.com/profile_images/1360118325/tress3b-sm_normal.jpg""}, ""banner"": {""image_url"": ""https://pbs.twimg.com/profile_banners/121467991/1442185025""}, ""core"": {""created_at"": ""Tue Mar 09 15:56:40 +0000 2010"", ""name"": ""Tress Chapin"", ""screen_name"": ""TressChapin""}, ""follow_request_sent"": false, ""has_graduated_access"": true, ""id"": ""VXNlcjoxMjE0Njc5OTE="", ""is_blue_verified"": false, ""location"": {""location"": ""Livingston, MT""}, ""media_permissions"": {""can_media_tag"": true}, ""notifications_settings"": {""notifications_enabled"": false}, ""parody_commentary_fan_label"": ""None"", ""pinned_items"": {}, ""possibly_sensitive"": false, ""privacy"": {""protected"": false}, ""profile_bio"": {""description"": """", ""entities"": {""description"": {}, ""url"": {""urls"": [{""display_url"": ""406shooter.com"", ""expanded_url"": ""http://406shooter.com"", ""indices"": [0, 23], ""url"": ""https://t.co/P2lpYxyXk4""}]}}}, ""profile_description_language"": ""und"", ""profile_image_shape"": ""Circle"", ""profile_metadata"": {""profile_interstitial_type"": """"}, ""profile_translation"": {""translator_type"": ""none""}, ""relationship_counts"": {""followers"": 2831, ""following"": 221}, ""relationship_perspectives"": {""blocked_by"": false, ""blocking"": false, ""followed_by"": false, ""following"": false, ""live_following"": false, ""muting"": false}, ""rest_id"": ""121467991"", ""super_follow_eligible"": false, ""super_followed_by"": false, ""super_following"": false, ""tweet_counts"": {""media_tweets"": 612, ""tweets"": 17214}, ""verification"": {""verified"": false}, ""website"": {""url"": ""https://t.co/P2lpYxyXk4""}}}}, ""edit_control"": {""edit_tweet_ids"": [""2085514982050210148""], ""editable_until_msecs"": ""1786064093000"", ""edits_remaining"": ""5"", ""is_edit_eligible"": false}, ""grok_analysis_button"": true, ""is_translatable"": false, ""legacy"": {""bookmark_count"": 0, ""bookmarked"": false, ""conversation_id_str"": ""2084883333654196553"", ""created_at"": ""Thu Aug 06 23:54:53 +0000 2026"", ""display_text_range"": [14, 20], ""entities"": {""user_mentions"": [{""id_str"": ""2061773447693565952"", ""indices"": [0, 13], ""name"": ""Elon Empire🇬🇧🔥✨"", ""screen_name"": ""ElonEmpireUS""}]}, ""favorite_count"": 7, ""favorited"": false, ""full_text"": ""@ElonEmpireUS SpaceX"", ""id_str"": ""2085514982050210148"", ""in_reply_to_screen_name"": ""ElonEmpireUS"", ""in_reply_to_status_id_str"": ""2084883333654196553"", ""in_reply_to_user_id_str"": ""2061773447693565952"", ""is_quote_status"": false, ""lang"": ""en"", ""quote_count"": 1, ""reply_count"": 1, ""retweet_count"": 3, ""retweeted"": false, ""user_id_str"": ""121467991""}, ""rest_id"": ""2085514982050210148"", ""source"": ""<a href=\""http://twitter.com/download/iphone\"" rel=\""nofollow\"">Twitter for iPhone</a>"", ""unmention_data"": {}, ""views"": {""count"": ""48"", ""state"": ""EnabledWithCount""}}",,[],48
2085514957999747325,Thu Aug 06 23:54:47 +0000 2026,liFChrys11,Eliane Chrys,"@_VoiceofAmerica https://t.co/kYObQOJj0R vou tirar meu visto,viajar pro Texas e comprar um Tesla, investir na SPACEX,usando Starlink ...Please!!!👍☝️🙏❤️",3,2,0,https://x.com/liFChrys11/status/2085514957999747325,[],,0,,[],2085285539138461709,_VoiceofAmerica,False,False,pt,"[""_VoiceofAmerica""]",,0,"{""__typename"": ""Tweet"", ""card"": {""rest_id"": ""https://t.co/kYObQOJj0R""}, ""core"": {""user_results"": {""result"": {""__typename"": ""User"", ""action_counts"": {""favorites_count"": 24638}, ""affiliates_highlighted_label"": {}, ""avatar"": {""image_url"": ""https://pbs.twimg.com/profile_images/2098936652756611072/ShkQWqh2_normal.jpg""}, ""banner"": {""image_url"": """"}, ""core"": {""created_at"": ""Sat Apr 27 01:15:24 +0000 2024"", ""name"": ""Eliane Chrys"", ""screen_name"": ""liFChrys11""}, ""follow_request_sent"": false, ""has_graduated_access"": true, ""id"": ""VXNlcjoxNzg0MDI4MzE3NDQ5ODc5NTUy"", ""is_blue_verified"": true, ""location"": {""location"": ""Rio de Janeiro, Brazil""}, ""media_permissions"": {""can_media_tag"": false}, ""notifications_settings"": {""notifications_enabled"": false}, ""parody_commentary_fan_label"": ""None"", ""pinned_items"": {}, ""possibly_sensitive"": false, ""privacy"": {""protected"": false}, ""profile_bio"": {""description"": ""Sou brasileira,fã do Elon Musk ,dos seus incríveis trabalhos e grata por seu apoio à liberdade de expressão.Apoiadora do Presidente Bolsonaro.💚💛"", ""entities"": {""description"": {}}}, ""profile_description_language"": ""pt"", ""profile_image_shape"": ""Circle"", ""profile_metadata"": {""profile_interstitial_type"": """"}, ""profile_translation"": {""translator_type"": ""none""}, ""relationship_counts"": {""followers"": 3017, ""following"": 613}, ""relationship_perspectives"": {""blocked_by"": false, ""blocking"": false, ""followed_by"": false, ""following"": false, ""live_following"": false, ""muting"": false}, ""rest_id"": ""1784028317449879552"", ""super_follow_eligible"": false, ""super_followed_by"": false, ""super_following"": false, ""tweet_counts"": {""media_tweets"": 908, ""tweets"": 11830}, ""verification"": {""verified"": false}, ""website"": {""url"": """"}}}}, ""edit_control"": {""edit_tweet_ids"": [""2085514957999747325""], ""editable_until_msecs"": ""1786064087000"", ""edits_remaining"": ""5"", ""is_edit_eligible"": false}, ""grok_analysis_button"": true, ""is_translatable"": true, ""legacy"": {""bookmark_count"": 0, ""bookmarked"": false, ""conversation_id_str"": ""2085285539138461709"", ""created_at"": ""Thu Aug 06 23:54:47 +0000 2026"", ""display_text_range"": [17, 151], ""entities"": {""urls"": [{""display_url"": ""D.Eu"", ""expanded_url"": ""http://D.Eu"", ""indices"": [17, 40], ""url"": ""https://t.co/kYObQOJj0R""}], ""user_mentions"": [{""id_str"": ""1571224256230334465"", ""indices"": [0, 16], ""name"": ""Voice of America 🇺🇸"", ""screen_name"": ""_VoiceofAmerica""}]}, ""favorite_count"": 3, ""favorited"": false, ""full_text"": ""@_VoiceofAmerica https://t.co/kYObQOJj0R vou tirar meu visto,viajar pro Texas e comprar um Tesla, investir na SPACEX,usando Starlink ...Please!!!👍☝️🙏❤️"", ""id_str"": ""2085514957999747325"", ""in_reply_to_screen_name"": ""_VoiceofAmerica"", ""in_reply_to_status_id_str"": ""2085285539138461709"", ""in_reply_to_user_id_str"": ""1571224256230334465"", ""is_quote_status"": false, ""lang"": ""pt"", ""possibly_sensitive"": false, ""possibly_sensitive_editable"": true, ""quote_count"": 0, ""reply_count"": 0, ""retweet_count"": 2, ""retweeted"": false, ""user_id_str"": ""1784028317449879552""}, ""rest_id"": ""2085514957999747325"", ""source"": ""<a href=\""http://twitter.com/download/android\"" rel=\""nofollow\"">Twitter for Android</a>"", ""unmention_data"": {}, ""views"": {""count"": ""66"", ""state"": ""EnabledWithCount""}}",,"[""http://D.Eu""]",66
2085514914492453085,Thu Aug 06 23:54:37 +0000 2026,FuturamaKing,FuturamaKing,@JoeTegtmeyer @Tesla @SpaceX “Under one roof” doesn’t sounds as impressive if the roof is the size of a city lol,4,0,0,https://x.com/FuturamaKing/status/2085514914492453085,[],,0,,[],2085497281021682076,JoeTegtmeyer,False,False,en,"[""JoeTegtmeyer"", ""Tesla"", ""SpaceX""]",,0,"{""__typename"": ""Tweet"", ""core"": {""user_results"": {""result"": {""__typename"": ""User"", ""action_counts"": {""favorites_count"": 600037}, ""affiliates_highlighted_label"": {}, ""avatar"": {""image_url"": ""https://pbs.twimg.com/profile_images/469971748000002048/ncV_Oc-R_normal.jpeg""}, ""banner"": {""image_url"": ""https://pbs.twimg.com/profile_banners/2518853983/1551736749""}, ""core"": {""created_at"": ""Fri May 23 22:34:59 +0000 2014"", ""name"": ""FuturamaKing"", ""screen_name"": ""FuturamaKing""}, ""follow_request_sent"": false, ""has_graduated_access"": true, ""id"": ""VXNlcjoyNTE4ODUzOTgz"", ""is_blue_verified"": true, ""location"": {""location"": ""Soon to be covered by robotaxi""}, ""media_permissions"": {""can_media_tag"": false}, ""notifications_settings"": {""notifications_enabled"": false}, ""parody_commentary_fan_label"": ""None"", ""pinned_items"": {}, ""possibly_sensitive"": false, ""privacy"": {""protected"": false}, ""professional"": {""category"": [], ""professional_type"": ""Creator"", ""rest_id"": ""1597116566838996992""}, ""profile_bio"": {""description"": ""be less wrong 🔋🐌🤖🫶🚀🌘"", ""entities"": {""description"": {}}}, ""profile_description_language"": ""en"", ""profile_image_shape"": ""Circle"", ""profile_metadata"": {""profile_interstitial_type"": """"}, ""profile_translation"": {""translator_type"": ""none""}, ""relationship_counts"": {""followers"": 2803, ""following"": 2786}, ""relationship_perspectives"": {""blocked_by"": false, ""blocking"": false, ""followed_by"": false, ""following"": false, ""live_following"": false, ""muting"": false}, ""rest_id"": ""2518853983"", ""super_follow_eligible"": false, ""super_followed_by"": false, ""super_following"": false, ""tweet_counts"": {""media_tweets"": 8865, ""tweets"": 145134}, ""verification"": {""verified"": false}, ""website"": {""url"": """"}}}}, ""edit_control"": {""edit_tweet_ids"": [""2085514914492453085""], ""editable_until_msecs"": ""1786064077000"", ""edits_remaining"": ""5"", ""is_edit_eligible"": false}, ""grok_analysis_button"": true, ""is_translatable"": false, ""legacy"": {""bookmark_count"": 0, ""bookmarked"": false, ""conversation_id_str"": ""2085497281021682076"", ""created_at"": ""Thu Aug 06 23:54:37 +0000 2026"", ""display_text_range"": [29, 112], ""entities"": {""user_mentions"": [{""id_str"": ""1288973134339739648"", ""indices"": [0, 13], ""name"": ""Joe Tegtmeyer 🚀 🤠🛸😎"", ""screen_name"": ""JoeTegtmeyer""}, {""id_str"": ""13298072"", ""indices"": [14, 20], ""name"": ""Tesla"", ""screen_name"": ""Tesla""}, {""id_str"": ""34743251"", ""indices"": [21, 28], ""name"": ""SpaceX"", ""screen_name"": ""SpaceX""}]}, ""favorite_count"": 4, ""favorited"": false, ""full_text"": ""@JoeTegtmeyer @Tesla @SpaceX “Under one roof” doesn’t sounds as impressive if the roof is the size of a city lol"", ""id_str"": ""2085514914492453085"", ""in_reply_to_screen_name"": ""JoeTegtmeyer"", ""in_reply_to_status_id_str"": ""2085497281021682076"", ""in_reply_to_user_id_str"": ""1288973134339739648"", ""is_quote_status"": false, ""lang"": ""en"", ""quote_count"": 0, ""reply_count"": 0, ""retweet_count"": 0, ""retweeted"": false, ""user_id_str"": ""2518853983""}, ""rest_id"": ""2085514914492453085"", ""source"": ""<a href=\""http://twitter.com/download/iphone\"" rel=\""nofollow\"">Twitter for iPhone</a>"", ""unmention_data"": {}, ""views"": {""count"": ""341"", ""state"": ""EnabledWithCount""}}",,[],341
2085514906493968536,Thu Aug 06 23:54:35 +0000 2026,howard9829,Howard,"■차곡차곡 스페이스 X 매수
그리고, 집중 매수 기간 나름
정하기 

SpaceX($SPCX)는 중기적으로 10배(장기적으로는 25배~50배) 상승 가능성이 있는 종목입니다. 믿기 어려우시겠지만, 좀 더 자세히 분석해 보시면 제 말이 무슨 뜻인지 아실 겁니다. 그러니 과도한 레버리지, 마진 거래, 

커버드 콜 같은 어리석은 투자로 손해 보지 마세요.",3,0,0,https://x.com/howard9829/status/2085514906493968536,[],"SpaceX $SPCX is a 10x opportunity in mid term ( long term 25x - 50x ) , I know it’s sounds crazy and unbelievable, but if you deep dive enough you will know what I am talking about. So don’t fuck it up yourself with stupid moves like over leveraging, margin &amp; covered calls.",0,,[],,,True,False,ko,[],"{""tweet_id"": ""2085479053604339888"", ""user"": {""screen_name"": ""SPCX100T"", ""name"": ""vincent""}, ""timestamp"": ""Thu Aug 06 21:32:07 +0000 2026"", ""text"": ""SpaceX $SPCX is a 10x opportunity in mid term ( long term 25x - 50x ) , I know it’s sounds crazy and unbelievable, but if you deep dive enough you will know what I am talking about. So don’t fuck it up yourself with stupid moves like over leveraging, margin &amp; covered calls."", ""embedded_text"": null, ""emojis"": null, ""comments"": 27, ""likes"": 342, ""retweets"": 17, ""media"": {""image_links"": [], ""video_links"": []}, ""tweet_url"": ""https://x.com/SPCX100T/status/2085479053604339888"", ""raw"": null, ""views"": 23579, ""quotes"": 3, ""bookmarks"": 22, ""lang"": ""en"", ""hashtags"": [], ""mentions"": [], ""urls"": [], ""in_reply_to_tweet_id"": null, ""in_reply_to_user"": null, ""is_quote"": false, ""is_retweet"": false, ""quoted_tweet"": null, ""retweeted_tweet"": null}",0,"{""__typename"": ""Tweet"", ""core"": {""user_results"": {""result"": {""__typename"": ""User"", ""action_counts"": {""favorites_count"": 1509}, ""affiliates_highlighted_label"": {}, ""avatar"": {""image_url"": ""https://pbs.twimg.com/profile_images/1692608616342097922/sX36VPCc_normal.jpg""}, ""banner"": {""image_url"": ""https://pbs.twimg.com/profile_banners/869874858158546945/1659529225""}, ""core"": {""created_at"": ""Wed May 31 11:15:02 +0000 2017"", ""name"": ""Howard"", ""screen_name"": ""howard9829""}, ""follow_request_sent"": false, ""has_graduated_access"": true, ""id"": ""VXNlcjo4Njk4NzQ4NTgxNTg1NDY5NDU="", ""is_blue_verified"": true, ""location"": {""location"": ""대한민국 마포구""}, ""media_permissions"": {""can_media_tag"": true}, ""notifications_settings"": {""notifications_enabled"": false}, ""parody_commentary_fan_label"": ""None"", ""pinned_items"": {""tweet_ids_str"": [""2100005227852362204""]}, ""possibly_sensitive"": false, ""privacy"": {""protected"": false}, ""profile_bio"": {""description"": """", ""entities"": {""description"": {}}}, ""profile_description_language"": ""und"", ""profile_image_shape"": ""Circle"", ""profile_metadata"": {""profile_interstitial_type"": """"}, ""profile_translation"": {""translator_type"": ""none""}, ""relationship_counts"": {""followers"": 3981, ""following"": 3465}, ""relationship_perspectives"": {""blocked_by"": false, ""blocking"": false, ""followed_by"": false, ""following"": false, ""live_following"": false, ""muting"": false}, ""rest_id"": ""869874858158546945"", ""super_follow_eligible"": false, ""super_followed_by"": false, ""super_following"": false, ""tweet_counts"": {""media_tweets"": 3799, ""tweets"": 26008}, ""verification"": {""verified"": false}, ""website"": {""url"": """"}}}}, ""edit_control"": {""edit_tweet_ids"": [""2085514906493968536""], ""editable_until_msecs"": ""1786064075000"", ""edits_remaining"": ""5"", ""is_edit_eligible"": true}, ""grok_analysis_button"": true, ""is_translatable"": true, ""legacy"": {""bookmark_count"": 0, ""bookmarked"": false, ""conversation_id_str"": ""2085514906493968536"", ""created_at"": ""Thu Aug 06 23:54:35 +0000 2026"", ""display_text_range"": [0, 174], ""entities"": {""symbols"": [{""indices"": [46, 51], ""tag"": {""info"": {""info"": {""name"": ""SpaceX"", ""ticker"": ""SPCX""}}}, ""text"": ""SPCX""}]}, ""favorite_count"": 3, ""favorited"": false, ""full_text"": ""■차곡차곡 스페이스 X 매수\n그리고, 집중 매수 기간 나름\n정하기 \n\nSpaceX($SPCX)는 중기적으로 10배(장기적으로는 25배~50배) 상승 가능성이 있는 종목입니다. 믿기 어려우시겠지만, 좀 더 자세히 분석해 보시면 제 말이 무슨 뜻인지 아실 겁니다. 그러니 과도한 레버리지, 마진 거래, \n\n커버드 콜"", ""id_str"": ""2085514906493968536"", ""is_quote_status"": true, ""lang"": ""ko"", ""quote_count"": 0, ""quoted_status_id_str"": ""2085479053604339888"", ""quoted_status_permalink"": {""display"": ""x.com/SPCX100T/statu…"", ""expanded"": ""https://twitter.com/SPCX100T/status/2085479053604339888"", ""url"": ""https://t.co/uy2cBR43uh""}, ""reply_count"": 0, ""retweet_count"": 0, ""retweeted"": false, ""user_id_str"": ""869874858158546945""}, ""note_tweet"": {""is_expandable"": true, ""note_tweet_results"": {""result"": {""entity_set"": {""hashtags"": [], ""symbols"": [], ""urls"": [], ""user_mentions"": []}, ""id"": ""Tm90ZVR3ZWV0OjIwODU1MTQ5MDY0NDc4NDMzMjg="", ""text"": ""■차곡차곡 스페이스 X 매수\n그리고, 집중 매수 기간 나름\n정하기 \n\nSpaceX($SPCX)는 중기적으로 10배(장기적으로는 25배~50배) 상승 가능성이 있는 종목입니다. 믿기 어려우시겠지만, 좀 더 자세히 분석해 보시면 제 말이 무슨 뜻인지 아실 겁니다. 그러니 과도한 레버리지, 마진 거래, \n\n커버드 콜 같은 어리석은 투자로 손해 보지 마세요.""}}}, ""quoted_status_result"": {""result"": {""__typename"": ""Tweet"", ""core"": {""user_results"": {""result"": {""__typename"": ""User"", ""action_counts"": {""favorites_count"": 135672}, ""affiliates_highlighted_label"": {}, ""avatar"": {""image_url"": ""https://pbs.twimg.com/profile_images/2059379945898450945/mdca7HgW_normal.jpg""}, ""banner"": {""image_url"": ""https://pbs.twimg.com/profile_banners/1689516060/1784770530""}, ""core"": {""created_at"": ""Thu Aug 22 00:10:28 +0000 2013"", ""name"": ""vincent"", ""screen_name"": ""SPCX100T""}, ""follow_request_sent"": false, ""has_graduated_access"": true, ""id"": ""VXNlcjoxNjg5NTE2MDYw"", ""is_blue_verified"": true, ""location"": {""location"": """"}, ""media_permissions"": {""can_media_tag"": false}, ""notifications_settings"": {""notifications_enabled"": false}, ""parody_commentary_fan_label"": ""None"", ""pinned_items"": {""tweet_ids_str"": [""2090668956113834397""]}, ""possibly_sensitive"": false, ""privacy"": {""protected"": false}, ""professional"": {""category"": [], ""professional_type"": ""Business"", ""rest_id"": ""1588981061588951041""}, ""profile_bio"": {""description"": """", ""entities"": {""description"": {}}}, ""profile_image_shape"": ""Circle"", ""profile_metadata"": {""profile_interstitial_type"": """"}, ""profile_translation"": {""translator_type"": ""none""}, ""relationship_counts"": {""followers"": 246165, ""following"": 410}, ""relationship_perspectives"": {""blocked_by"": false, ""blocking"": false, ""followed_by"": false, ""following"": false, ""live_following"": false, ""muting"": false}, ""rest_id"": ""1689516060"", ""super_follow_eligible"": true, ""super_followed_by"": false, ""super_following"": false, ""tweet_counts"": {""media_tweets"": 7722, ""tweets"": 63403}, ""verification"": {""verified"": false}, ""website"": {""url"": """"}}}}, ""edit_control"": {""edit_tweet_ids"": [""2085479053604339888""], ""editable_until_msecs"": ""1786055527000"", ""edits_remaining"": ""5"", ""is_edit_eligible"": true}, ""grok_analysis_button"": true, ""is_translatable"": false, ""legacy"": {""bookmark_count"": 22, ""bookmarked"": false, ""conversation_id_str"": ""2085479053604339888"", ""created_at"": ""Thu Aug 06 21:32:07 +0000 2026"", ""display_text_range"": [0, 278], ""entities"": {""symbols"": [{""indices"": [7, 12], ""tag"": {""info"": {""info"": {""name"": ""SpaceX"", ""ticker"": ""SPCX""}}}, ""text"": ""SPCX""}]}, ""favorite_count"": 342, ""favorited"": false, ""full_text"": ""SpaceX $SPCX is a 10x opportunity in mid term ( long term 25x - 50x ) , I know it’s sounds crazy and unbelievable, but if you deep dive enough you will know what I am talking about. So don’t fuck it up yourself with stupid moves like over leveraging, margin &amp; covered calls."", ""id_str"": ""2085479053604339888"", ""is_quote_status"": false, ""lang"": ""en"", ""quote_count"": 3, ""reply_count"": 27, ""retweet_count"": 17, ""retweeted"": false, ""user_id_str"": ""1689516060""}, ""rest_id"": ""2085479053604339888"", ""source"": ""<a href=\""http://twitter.com/download/iphone\"" rel=\""nofollow\"">Twitter for iPhone</a>"", ""unmention_data"": {}, ""views"": {""count"": ""23579"", ""state"": ""EnabledWithCount""}}}, ""rest_id"": ""2085514906493968536"", ""source"": ""<a href=\""http://twitter.com/download/android\"" rel=\""nofollow\"">Twitter for Android</a>"", ""unmention_data"": {}, ""views"": {""count"": ""414"", ""state"": ""EnabledWithCount""}}",,[],414
2085514891872375137,Thu Aug 06 23:54:31 +0000 2026,cnunezimages,Starbase Surfer,"The SpaceX Drone Image of this eXact moment! 😎🤙 - August 6, 2021 https://t.co/GbieZcjR87",607,36,11,https://x.com/cnunezimages/status/2085514891872375137,"[""https://pbs.twimg.com/media/HPE5-KYXgAEamBO.jpg""]",,23,,[],,,False,False,en,[],,2,"{""__typename"": ""Tweet"", ""core"": {""user_results"": {""result"": {""__typename"": ""User"", ""action_counts"": {""favorites_count"": 66035}, ""affiliates_highlighted_label"": {}, ""avatar"": {""image_url"": ""https://pbs.twimg.com/profile_images/1393754434962956290/59WABLum_normal.jpg""}, ""banner"": {""image_url"": ""https://pbs.twimg.com/profile_banners/1245450013813223424/1648567701""}, ""core"": {""created_at"": ""Wed Apr 01 20:37:22 +0000 2020"", ""name"": ""Starbase Surfer"", ""screen_name"": ""cnunezimages""}, ""follow_request_sent"": false, ""has_graduated_access"": true, ""id"": ""VXNlcjoxMjQ1NDUwMDEzODEzMjIzNDI0"", ""is_blue_verified"": true, ""location"": {""location"": ""Boca Chica Beach, Texas""}, ""media_permissions"": {""can_media_tag"": true}, ""notifications_settings"": {""notifications_enabled"": false}, ""parody_commentary_fan_label"": ""None"", ""pinned_items"": {}, ""possibly_sensitive"": false, ""privacy"": {""protected"": false}, ""professional"": {""category"": [{""icon_name"": ""IconBriefcaseStroke"", ""id"": 955, ""name"": ""Journalist""}], ""professional_type"": ""Creator"", ""rest_id"": ""1487200979548315650""}, ""profile_bio"": {""description"": """", ""entities"": {""description"": {}, ""url"": {""urls"": [{""display_url"": ""cnunezimages.com"", ""expanded_url"": ""http://www.cnunezimages.com"", ""indices"": [0, 23], ""url"": ""https://t.co/3xkaDAR9n7""}]}}}, ""profile_image_shape"": ""Circle"", ""profile_metadata"": {""profile_interstitial_type"": """"}, ""profile_translation"": {""translator_type"": ""none""}, ""relationship_counts"": {""followers"": 61746, ""following"": 169}, ""relationship_perspectives"": {""blocked_by"": false, ""blocking"": false, ""followed_by"": false, ""following"": false, ""live_following"": false, ""muting"": false}, ""rest_id"": ""1245450013813223424"", ""super_follow_eligible"": true, ""super_followed_by"": false, ""super_following"": false, ""tweet_counts"": {""media_tweets"": 15089, ""tweets"": 18972}, ""verification"": {""verified"": false}, ""website"": {""url"": ""https://t.co/3xkaDAR9n7""}}}}, ""edit_control"": {""edit_control_initial"": {""edit_tweet_ids"": [""2085512517627818489"", ""2085514891872375137""], ""editable_until_msecs"": ""1786063505000"", ""edits_remaining"": ""4"", ""is_edit_eligible"": false}, ""initial_tweet_id"": ""2085512517627818489""}, ""grok_analysis_button"": true, ""is_translatable"": false, ""legacy"": {""bookmark_count"": 23, ""bookmarked"": false, ""conversation_id_str"": ""2085514891872375137"", ""created_at"": ""Thu Aug 06 23:54:31 +0000 2026"", ""display_text_range"": [0, 64], ""entities"": {""media"": [{""allow_download_status"": {""allow_download"": true}, ""display_url"": ""pic.x.com/GbieZcjR87"", ""expanded_url"": ""https://x.com/cnunezimages/status/2085514891872375137/photo/1"", ""ext_media_availability"": {""status"": ""Available""}, ""features"": {""all"": {""tags"": [{""name"": ""Space Intelligence"", ""screen_name"": ""SpaceIntel101"", ""type"": ""user"", ""user_id"": ""1206315683056771072""}]}, ""large"": {""faces"": [{""h"": 86, ""w"": 86, ""x"": 796, ""y"": 1166}]}, ""medium"": {""faces"": [{""h"": 50, ""w"": 50, ""x"": 466, ""y"": 683}]}, ""orig"": {""faces"": [{""h"": 172, ""w"": 172, ""x"": 1592, ""y"": 2332}]}, ""small"": {""faces"": [{""h"": 28, ""w"": 28, ""x"": 264, ""y"": 387}]}}, ""id_str"": ""2085511842550480897"", ""indices"": [65, 88], ""media_key"": ""3_2085511842550480897"", ""media_results"": {""result"": {""media_key"": ""3_2085511842550480897""}}, ""media_url_https"": ""https://pbs.twimg.com/media/HPE5-KYXgAEamBO.jpg"", ""original_info"": {""focus_rects"": [{""h"": 2294, ""w"": 4096, ""x"": 0, ""y"": 438}, {""h"": 2732, ""w"": 2732, ""x"": 1364, ""y"": 0}, {""h"": 2732, ""w"": 2396, ""x"": 1700, ""y"": 0}, {""h"": 2732, ""w"": 1366, ""x"": 2730, ""y"": 0}, {""h"": 2732, ""w"": 4096, ""x"": 0, ""y"": 0}], ""height"": 2732, ""width"": 4096}, ""sizes"": {""large"": {""h"": 1366, ""resize"": ""fit"", ""w"": 2048}, ""medium"": {""h"": 800, ""resize"": ""fit"", ""w"": 1200}, ""small"": {""h"": 454, ""resize"": ""fit"", ""w"": 680}, ""thumb"": {""h"": 150, ""resize"": ""crop"", ""w"": 150}}, ""type"": ""photo"", ""url"": ""https://t.co/GbieZcjR87""}]}, ""extended_entities"": {""media"": [{""allow_download_status"": {""allow_download"": true}, ""display_url"": ""pic.x.com/GbieZcjR87"", ""expanded_url"": ""https://x.com/cnunezimages/status/2085514891872375137/photo/1"", ""ext_media_availability"": {""status"": ""Available""}, ""features"": {""all"": {""tags"": [{""name"": ""Space Intelligence"", ""screen_name"": ""SpaceIntel101"", ""type"": ""user"", ""user_id"": ""1206315683056771072""}]}, ""large"": {""faces"": [{""h"": 86, ""w"": 86, ""x"": 796, ""y"": 1166}]}, ""medium"": {""faces"": [{""h"": 50, ""w"": 50, ""x"": 466, ""y"": 683}]}, ""orig"": {""faces"": [{""h"": 172, ""w"": 172, ""x"": 1592, ""y"": 2332}]}, ""small"": {""faces"": [{""h"": 28, ""w"": 28, ""x"": 264, ""y"": 387}]}}, ""id_str"": ""2085511842550480897"", ""indices"": [65, 88], ""media_key"": ""3_2085511842550480897"", ""media_results"": {""result"": {""media_key"": ""3_2085511842550480897""}}, ""media_url_https"": ""https://pbs.twimg.com/media/HPE5-KYXgAEamBO.jpg"", ""original_info"": {""focus_rects"": [{""h"": 2294, ""w"": 4096, ""x"": 0, ""y"": 438}, {""h"": 2732, ""w"": 2732, ""x"": 1364, ""y"": 0}, {""h"": 2732, ""w"": 2396, ""x"": 1700, ""y"": 0}, {""h"": 2732, ""w"": 1366, ""x"": 2730, ""y"": 0}, {""h"": 2732, ""w"": 4096, ""x"": 0, ""y"": 0}], ""height"": 2732, ""width"": 4096}, ""sizes"": {""large"": {""h"": 1366, ""resize"": ""fit"", ""w"": 2048}, ""medium"": {""h"": 800, ""resize"": ""fit"", ""w"": 1200}, ""small"": {""h"": 454, ""resize"": ""fit"", ""w"": 680}, ""thumb"": {""h"": 150, ""resize"": ""crop"", ""w"": 150}}, ""type"": ""photo"", ""url"": ""https://t.co/GbieZcjR87""}]}, ""favorite_count"": 607, ""favorited"": false, ""full_text"": ""The SpaceX Drone Image of this eXact moment! 😎🤙 - August 6, 2021 https://t.co/GbieZcjR87"", ""id_str"": ""2085514891872375137"", ""is_quote_status"": false, ""lang"": ""en"", ""possibly_sensitive"": false, ""possibly_sensitive_editable"": true, ""quote_count"": 2, ""reply_count"": 11, ""retweet_count"": 36, ""retweeted"": false, ""user_id_str"": ""1245450013813223424""}, ""previous_counts"": {""bookmark_count"": 2, ""favorite_count"": 18, ""quote_count"": 0, ""reply_count"": 0, ""retweet_count"": 0}, ""rest_id"": ""2085514891872375137"", ""source"": ""<a href=\""https://mobile.twitter.com\"" rel=\""nofollow\"">Twitter Web App</a>"", ""unmention_data"": {}, ""views"": {""count"": ""11476"", ""state"": ""EnabledWithCount""}}",,[],11476
2085514858796065163,Thu Aug 06 23:54:23 +0000 2026,jezos_biff,Biff Jezos,"@BadTiming_Beast @robtswthrayguns So Michael Jackson is not an artist? George Lucas is not an artist? This sounds like socialism. Elon Musk created SpaceX but the workers do everything so they are SpaceX. Like I said originally, the word ""artist"" is an insult to creative people",1,1,2,https://x.com/jezos_biff/status/2085514858796065163,[],,0,,[],2085511865820389471,BadTiming_Beast,False,False,en,"[""BadTiming_Beast"", ""robtswthrayguns""]",,0,"{""__typename"": ""Tweet"", ""core"": {""user_results"": {""result"": {""__typename"": ""User"", ""action_counts"": {""favorites_count"": 17076}, ""affiliates_highlighted_label"": {}, ""avatar"": {""image_url"": ""https://pbs.twimg.com/profile_images/1955038383241089024/_8kpKszs_normal.jpg""}, ""banner"": {""image_url"": ""https://pbs.twimg.com/profile_banners/1700337671581634560/1785113759""}, ""core"": {""created_at"": ""Sat Sep 09 02:38:25 +0000 2023"", ""name"": ""Biff Jezos"", ""screen_name"": ""jezos_biff""}, ""follow_request_sent"": false, ""has_graduated_access"": true, ""id"": ""VXNlcjoxNzAwMzM3NjcxNTgxNjM0NTYw"", ""is_blue_verified"": false, ""location"": {""location"": """"}, ""media_permissions"": {""can_media_tag"": true}, ""notifications_settings"": {""notifications_enabled"": false}, ""parody_commentary_fan_label"": ""None"", ""pinned_items"": {}, ""possibly_sensitive"": false, ""privacy"": {""protected"": false}, ""profile_bio"": {""description"": """", ""entities"": {""description"": {}}}, ""profile_image_shape"": ""Circle"", ""profile_metadata"": {""profile_interstitial_type"": """"}, ""profile_translation"": {""translator_type"": ""none""}, ""relationship_counts"": {""followers"": 540, ""following"": 671}, ""relationship_perspectives"": {""blocked_by"": false, ""blocking"": false, ""followed_by"": false, ""following"": false, ""live_following"": false, ""muting"": false}, ""rest_id"": ""1700337671581634560"", ""super_follow_eligible"": false, ""super_followed_by"": false, ""super_following"": false, ""tweet_counts"": {""media_tweets"": 3269, ""tweets"": 16029}, ""verification"": {""verified"": false}, ""website"": {""url"": """"}}}}, ""edit_control"": {""edit_tweet_ids"": [""2085514858796065163""], ""editable_until_msecs"": ""1786064063000"", ""edits_remaining"": ""5"", ""is_edit_eligible"": false}, ""grok_analysis_button"": true, ""is_translatable"": false, ""legacy"": {""bookmark_count"": 0, ""bookmarked"": false, ""conversation_id_str"": ""2085227064492216663"", ""created_at"": ""Thu Aug 06 23:54:23 +0000 2026"", ""display_text_range"": [34, 278], ""entities"": {""user_mentions"": [{""id_str"": ""1604713476081045504"", ""indices"": [0, 16], ""name"": ""Beastmode"", ""screen_name"": ""BadTiming_Beast""}, {""id_str"": ""90661198"", ""indices"": [17, 33], ""name"": ""synthdaddy™"", ""screen_name"": ""robtswthrayguns""}]}, ""favorite_count"": 1, ""favorited"": false, ""full_text"": ""@BadTiming_Beast @robtswthrayguns So Michael Jackson is not an artist? George Lucas is not an artist? This sounds like socialism. Elon Musk created SpaceX but the workers do everything so they are SpaceX. Like I said originally, the word \""artist\"" is an insult to creative people"", ""id_str"": ""2085514858796065163"", ""in_reply_to_screen_name"": ""BadTiming_Beast"", ""in_reply_to_status_id_str"": ""2085511865820389471"", ""in_reply_to_user_id_str"": ""1604713476081045504"", ""is_quote_status"": false, ""lang"": ""en"", ""quote_count"": 0, ""reply_count"": 2, ""retweet_count"": 1, ""retweeted"": false, ""user_id_str"": ""1700337671581634560""}, ""rest_id"": ""2085514858796065163"", ""source"": ""<a href=\""https://mobile.twitter.com\"" rel=\""nofollow\"">Twitter Web App</a>"", ""unmention_data"": {}, ""views"": {""count"": ""45"", ""state"": ""EnabledWithCount""}}",,[],45
2085514744996249628,Thu Aug 06 23:53:56 +0000 2026,white_sunset,snst,@ahdddsss @AsteroidCoinOG @SpaceX 100m crater,4,0,0,https://x.com/white_sunset/status/2085514744996249628,[],,0,,[],2085514172859818491,ahdddsss,False,False,en,"[""ahdddsss"", ""AsteroidCoinOG"", ""SpaceX""]",,0,"{""__typename"": ""Tweet"", ""core"": {""user_results"": {""result"": {""__typename"": ""User"", ""action_counts"": {""favorites_count"": 34862}, ""affiliates_highlighted_label"": {}, ""avatar"": {""image_url"": ""https://pbs.twimg.com/profile_images/1964845400830959616/M9ITxUfu_normal.jpg""}, ""banner"": {""image_url"": ""https://pbs.twimg.com/profile_banners/57338630/1772839337""}, ""core"": {""created_at"": ""Thu Jul 16 13:49:59 +0000 2009"", ""name"": ""snst"", ""screen_name"": ""white_sunset""}, ""follow_request_sent"": false, ""has_graduated_access"": true, ""id"": ""VXNlcjo1NzMzODYzMA=="", ""is_blue_verified"": true, ""location"": {""location"": ""web3""}, ""media_permissions"": {""can_media_tag"": false}, ""notifications_settings"": {""notifications_enabled"": false}, ""parody_commentary_fan_label"": ""None"", ""pinned_items"": {""tweet_ids_str"": [""2050681039803003299""]}, ""possibly_sensitive"": false, ""privacy"": {""protected"": false}, ""professional"": {""category"": [], ""professional_type"": ""Creator"", ""rest_id"": ""1928183213333303590""}, ""profile_bio"": {""description"": ""meme artist & dev\nworking for my bags"", ""entities"": {""description"": {}, ""url"": {""urls"": [{""display_url"": ""memedepot.com/u/snst"", ""expanded_url"": ""https://memedepot.com/u/snst"", ""indices"": [0, 23], ""url"": ""https://t.co/hPtLWC4ume""}]}}}, ""profile_description_language"": ""en"", ""profile_image_shape"": ""Circle"", ""profile_metadata"": {""profile_interstitial_type"": """"}, ""profile_translation"": {""translator_type"": ""regular""}, ""relationship_counts"": {""followers"": 3108, ""following"": 1663}, ""relationship_perspectives"": {""blocked_by"": false, ""blocking"": false, ""followed_by"": false, ""following"": false, ""live_following"": false, ""muting"": false}, ""rest_id"": ""57338630"", ""super_follow_eligible"": false, ""super_followed_by"": false, ""super_following"": false, ""tweet_counts"": {""media_tweets"": 2217, ""tweets"": 7876}, ""verification"": {""verified"": false}, ""website"": {""url"": ""https://t.co/hPtLWC4ume""}}}}, ""edit_control"": {""edit_tweet_ids"": [""2085514744996249628""], ""editable_until_msecs"": ""1786064036000"", ""edits_remaining"": ""5"", ""is_edit_eligible"": false}, ""grok_analysis_button"": true, ""is_translatable"": false, ""legacy"": {""bookmark_count"": 0, ""bookmarked"": false, ""conversation_id_str"": ""2085514172859818491"", ""created_at"": ""Thu Aug 06 23:53:56 +0000 2026"", ""display_text_range"": [34, 45], ""entities"": {""user_mentions"": [{""id_str"": ""1791594797641162752"", ""indices"": [0, 9], ""name"": ""Ahdddsss"", ""screen_name"": ""ahdddsss""}, {""id_str"": ""1861658649539620864"", ""indices"": [10, 25], ""name"": ""ASTEROID® The Original on Ethereum"", ""screen_name"": ""AsteroidCoinOG""}, {""id_str"": ""34743251"", ""indices"": [26, 33], ""name"": ""SpaceX"", ""screen_name"": ""SpaceX""}]}, ""favorite_count"": 4, ""favorited"": false, ""full_text"": ""@ahdddsss @AsteroidCoinOG @SpaceX 100m crater"", ""id_str"": ""2085514744996249628"", ""in_reply_to_screen_name"": ""ahdddsss"", ""in_reply_to_status_id_str"": ""2085514172859818491"", ""in_reply_to_user_id_str"": ""1791594797641162752"", ""is_quote_status"": false, ""lang"": ""en"", ""quote_count"": 0, ""reply_count"": 0, ""retweet_count"": 0, ""retweeted"": false, ""user_id_str"": ""57338630""}, ""rest_id"": ""2085514744996249628"", ""source"": ""<a href=\""https://mobile.twitter.com\"" rel=\""nofollow\"">Twitter Web App</a>"", ""unmention_data"": {}, ""views"": {""count"": ""58"", ""state"": ""EnabledWithCount""}}",,[],58
2085514736893051167,Thu Aug 06 23:53:54 +0000 2026,linda6248130564,财经老王,"16岁少年搞出Starlink定位原型，180美元成本卖899刀一台，狂赚30万美元！SpaceX想拦他，结果连法律空子都找不到
 
先把最容易误会的事说死：他根本不是蹭星链的网——而是抓SpaceX卫星主动对外广播的公共无线电信标，做成了GPS失效时也能用的免费定位系统
 
每颗星链卫星都会持续发信标，只要用小锅+35刀的无线电接收器，就能抓信号、靠至少3颗星的多普勒频移算坐标，地球上任何角落都能用，哪怕GPS被干扰、被高楼/山体挡死也照样工作——美军现在也在测试一模一样的思路
 
他做了便携版卖给刚需人群，核心代码全是靠Claude写的，步骤给你们扒得明明白白，普通人照着也能搭：
 
【硬件总成本：约180美元】
 
- RTL-SDR Blog v4 软件无线电USB接收器：35刀

- 小型Ku波段抛物面天线（小锅）：约50刀

- Ku波段LNB下变频器：20刀

- 树莓派5（8GB版）

- 偏置器适配器

- 5000mAh USB电池
 
【6步搭完，核心代码全靠Claude】
 
1. 给树莓派刷Lite版系统开机

2. 终端一行行装SDR工具包：rtl-sdr、GNU Radio、python3-numpy

3. 把LNB装在小锅焦点上，按顺序接好：LNB→偏置器→SDR→树莓派USB口

4. 打开Claude Code直接甩需求：写Python程序，用这套硬件抓星链信标，结合公开卫星轨道数据，靠3颗以上卫星的多普勒频移算经纬度，把坐标+精度显示在小OLED屏上，指定用pyrtlsdr、skyfield、numpy库，加注释方便调参数

5. 跑程序就行——树莓派自动锁定头顶卫星，输出坐标精度10-30米

6. 全程不用GPS、不用手机信号、不用联网

他3D打印了外壳，包装成「徒步/航海专用GPS备用定位器」，一台卖899美元，一共卖了350台，直接入账31万多刀

每台成本才180，单台纯赚719美元！客户全是愿意为安全掏钱的刚需：野火救援队、丛林飞行员、野外滑雪爱好者、私人游艇船主
 
最绝的是SpaceX拿他一点辙没有——他是被动接收公共广播的信标，律师提前就确认过完全合法，想告都没依据
 
说白了，现在会用AI的普通人，真能把巨头免费放出来的资源，直接变成自己的赚钱机器

#AI",2,0,2,https://x.com/linda6248130564/status/2085514736893051167,"[""https://pbs.twimg.com/amplify_video_thumb/2085514711253344256/img/iJZnX0PMFIVxP3hh.jpg""]",,2,,[],,,False,False,zh,[],,0,"{""__typename"": ""Tweet"", ""core"": {""user_results"": {""result"": {""__typename"": ""User"", ""action_counts"": {""favorites_count"": 7022}, ""affiliates_highlighted_label"": {}, ""avatar"": {""image_url"": ""https://pbs.twimg.com/profile_images/2014246061745827840/Y-A6wJQ6_normal.jpg""}, ""banner"": {""image_url"": ""https://pbs.twimg.com/profile_banners/1862793139523637249/1777196492""}, ""core"": {""created_at"": ""Sat Nov 30 09:38:15 +0000 2024"", ""name"": ""财经老王"", ""screen_name"": ""linda6248130564""}, ""follow_request_sent"": false, ""has_graduated_access"": true, ""id"": ""VXNlcjoxODYyNzkzMTM5NTIzNjM3MjQ5"", ""is_blue_verified"": true, ""location"": {""location"": ""币圈你需要的全部工具👉""}, ""media_permissions"": {""can_media_tag"": true}, ""notifications_settings"": {""notifications_enabled"": false}, ""parody_commentary_fan_label"": ""None"", ""pinned_items"": {}, ""possibly_sensitive"": false, ""privacy"": {""protected"": false}, ""professional"": {""category"": [{""icon_name"": ""IconBriefcaseStroke"", ""id"": 192, ""name"": ""Financial Services""}], ""professional_type"": ""Creator"", ""rest_id"": ""2049304526109434065""}, ""profile_bio"": {""description"": ""专注 PolyMarket 预测市场分析 | 分享市场洞察、流动性机会与策略思考\n（仅个人观察，不构成投资建议，DYOR）\n交流群：https://t.co/ULk7M6cRJF"", ""entities"": {""description"": {""urls"": [{""display_url"": ""t.me/PolyMarket168"", ""expanded_url"": ""https://t.me/PolyMarket168"", ""indices"": [66, 89], ""url"": ""https://t.co/ULk7M6cRJF""}]}, ""url"": {""urls"": [{""display_url"": ""5kkz.vk56.shop/tx168"", ""expanded_url"": ""https://5kkz.vk56.shop/tx168"", ""indices"": [0, 23], ""url"": ""https://t.co/CJDziOBfRc""}]}}}, ""profile_description_language"": ""zh"", ""profile_image_shape"": ""Circle"", ""profile_metadata"": {""profile_interstitial_type"": """"}, ""profile_translation"": {""translator_type"": ""none""}, ""relationship_counts"": {""followers"": 9027, ""following"": 964}, ""relationship_perspectives"": {""blocked_by"": false, ""blocking"": false, ""followed_by"": false, ""following"": false, ""live_following"": false, ""muting"": false}, ""rest_id"": ""1862793139523637249"", ""super_follow_eligible"": false, ""super_followed_by"": false, ""super_following"": false, ""tweet_counts"": {""media_tweets"": 2248, ""tweets"": 13536}, ""verification"": {""verified"": false}, ""website"": {""url"": ""https://t.co/CJDziOBfRc""}}}}, ""edit_control"": {""edit_tweet_ids"": [""2085514736893051167""], ""editable_until_msecs"": ""1786064034000"", ""edits_remaining"": ""5"", ""is_edit_eligible"": true}, ""grok_analysis_button"": true, ""is_translatable"": true, ""legacy"": {""bookmark_count"": 2, ""bookmarked"": false, ""conversation_id_str"": ""2085514736893051167"", ""created_at"": ""Thu Aug 06 23:53:54 +0000 2026"", ""display_text_range"": [0, 136], ""entities"": {""media"": [{""additional_media_info"": {""monetizable"": false}, ""allow_download_status"": {""allow_download"": true}, ""display_url"": ""pic.x.com/kDoQU2MxL1"", ""expanded_url"": ""https://x.com/linda6248130564/status/2085514736893051167/video/1"", ""ext_media_availability"": {""status"": ""Available""}, ""id_str"": ""2085514711253344256"", ""indices"": [137, 160], ""media_key"": ""13_2085514711253344256"", ""media_results"": {""result"": {""media_key"": ""13_2085514711253344256""}}, ""media_url_https"": ""https://pbs.twimg.com/amplify_video_thumb/2085514711253344256/img/iJZnX0PMFIVxP3hh.jpg"", ""original_info"": {""focus_rects"": [], ""height"": 1024, ""width"": 576}, ""sizes"": {""large"": {""h"": 1024, ""resize"": ""fit"", ""w"": 576}, ""medium"": {""h"": 1024, ""resize"": ""fit"", ""w"": 576}, ""small"": {""h"": 680, ""resize"": ""fit"", ""w"": 383}, ""thumb"": {""h"": 150, ""resize"": ""crop"", ""w"": 150}}, ""type"": ""video"", ""url"": ""https://t.co/kDoQU2MxL1"", ""video_info"": {""aspect_ratio"": [9, 16], ""duration_millis"": 33459, ""variants"": [{""content_type"": ""application/x-mpegURL"", ""url"": ""https://video.twimg.com/amplify_video/2085514711253344256/pl/WeSnn431yhnRe3NI.m3u8?tag=29""}, {""bitrate"": 632000, ""content_type"": ""video/mp4"", ""url"": ""https://video.twimg.com/amplify_video/2085514711253344256/vid/avc1/320x568/4A_gtK-ZcVd7zAY8.mp4?tag=29""}, {""bitrate"": 950000, ""content_type"": ""video/mp4"", ""url"": ""https://video.twimg.com/amplify_video/2085514711253344256/vid/avc1/480x852/eUUsxPiW1LA4rg4X.mp4?tag=29""}, {""bitrate"": 2176000, ""content_type"": ""video/mp4"", ""url"": ""https://video.twimg.com/amplify_video/2085514711253344256/vid/avc1/576x1024/4yQipFN5H4IcK1l4.mp4?tag=29""}]}}]}, ""extended_entities"": {""media"": [{""additional_media_info"": {""monetizable"": false}, ""allow_download_status"": {""allow_download"": true}, ""display_url"": ""pic.x.com/kDoQU2MxL1"", ""expanded_url"": ""https://x.com/linda6248130564/status/2085514736893051167/video/1"", ""ext_media_availability"": {""status"": ""Available""}, ""id_str"": ""2085514711253344256"", ""indices"": [137, 160], ""media_key"": ""13_2085514711253344256"", ""media_results"": {""result"": {""media_key"": ""13_2085514711253344256""}}, ""media_url_https"": ""https://pbs.twimg.com/amplify_video_thumb/2085514711253344256/img/iJZnX0PMFIVxP3hh.jpg"", ""original_info"": {""focus_rects"": [], ""height"": 1024, ""width"": 576}, ""sizes"": {""large"": {""h"": 1024, ""resize"": ""fit"", ""w"": 576}, ""medium"": {""h"": 1024, ""resize"": ""fit"", ""w"": 576}, ""small"": {""h"": 680, ""resize"": ""fit"", ""w"": 383}, ""thumb"": {""h"": 150, ""resize"": ""crop"", ""w"": 150}}, ""type"": ""video"", ""url"": ""https://t.co/kDoQU2MxL1"", ""video_info"": {""aspect_ratio"": [9, 16], ""duration_millis"": 33459, ""variants"": [{""content_type"": ""application/x-mpegURL"", ""url"": ""https://video.twimg.com/amplify_video/2085514711253344256/pl/WeSnn431yhnRe3NI.m3u8?tag=29""}, {""bitrate"": 632000, ""content_type"": ""video/mp4"", ""url"": ""https://video.twimg.com/amplify_video/2085514711253344256/vid/avc1/320x568/4A_gtK-ZcVd7zAY8.mp4?tag=29""}, {""bitrate"": 950000, ""content_type"": ""video/mp4"", ""url"": ""https://video.twimg.com/amplify_video/2085514711253344256/vid/avc1/480x852/eUUsxPiW1LA4rg4X.mp4?tag=29""}, {""bitrate"": 2176000, ""content_type"": ""video/mp4"", ""url"": ""https://video.twimg.com/amplify_video/2085514711253344256/vid/avc1/576x1024/4yQipFN5H4IcK1l4.mp4?tag=29""}]}}]}, ""favorite_count"": 2, ""favorited"": false, ""full_text"": ""16岁少年搞出Starlink定位原型，180美元成本卖899刀一台，狂赚30万美元！SpaceX想拦他，结果连法律空子都找不到\n \n先把最容易误会的事说死：他根本不是蹭星链的网——而是抓SpaceX卫星主动对外广播的公共无线电信标，做成了GPS失效时也能用的免费定位系统 https://t.co/kDoQU2MxL1"", ""id_str"": ""2085514736893051167"", ""is_quote_status"": false, ""lang"": ""zh"", ""possibly_sensitive"": false, ""possibly_sensitive_editable"": true, ""quote_count"": 0, ""reply_count"": 2, ""retweet_count"": 0, ""retweeted"": false, ""user_id_str"": ""1862793139523637249""}, ""note_tweet"": {""is_expandable"": true, ""note_tweet_results"": {""result"": {""entity_set"": {""hashtags"": [{""indices"": [973, 976], ""text"": ""AI""}], ""symbols"": [], ""timestamps"": [], ""urls"": [], ""user_mentions"": []}, ""id"": ""Tm90ZVR3ZWV0OjIwODU1MTQ3MzY3NjcyOTEzOTI="", ""text"": ""16岁少年搞出Starlink定位原型，180美元成本卖899刀一台，狂赚30万美元！SpaceX想拦他，结果连法律空子都找不到\n \n先把最容易误会的事说死：他根本不是蹭星链的网——而是抓SpaceX卫星主动对外广播的公共无线电信标，做成了GPS失效时也能用的免费定位系统\n \n每颗星链卫星都会持续发信标，只要用小锅+35刀的无线电接收器，就能抓信号、靠至少3颗星的多普勒频移算坐标，地球上任何角落都能用，哪怕GPS被干扰、被高楼/山体挡死也照样工作——美军现在也在测试一模一样的思路\n \n他做了便携版卖给刚需人群，核心代码全是靠Claude写的，步骤给你们扒得明明白白，普通人照着也能搭：\n \n【硬件总成本：约180美元】\n \n- RTL-SDR Blog v4 软件无线电USB接收器：35刀\n\n- 小型Ku波段抛物面天线（小锅）：约50刀\n\n- Ku波段LNB下变频器：20刀\n\n- 树莓派5（8GB版）\n\n- 偏置器适配器\n\n- 5000mAh USB电池\n \n【6步搭完，核心代码全靠Claude】\n \n1. 给树莓派刷Lite版系统开机\n\n2. 终端一行行装SDR工具包：rtl-sdr、GNU Radio、python3-numpy\n\n3. 把LNB装在小锅焦点上，按顺序接好：LNB→偏置器→SDR→树莓派USB口\n\n4. 打开Claude Code直接甩需求：写Python程序，用这套硬件抓星链信标，结合公开卫星轨道数据，靠3颗以上卫星的多普勒频移算经纬度，把坐标+精度显示在小OLED屏上，指定用pyrtlsdr、skyfield、numpy库，加注释方便调参数\n\n5. 跑程序就行——树莓派自动锁定头顶卫星，输出坐标精度10-30米\n\n6. 全程不用GPS、不用手机信号、不用联网\n\n他3D打印了外壳，包装成「徒步/航海专用GPS备用定位器」，一台卖899美元，一共卖了350台，直接入账31万多刀\n\n每台成本才180，单台纯赚719美元！客户全是愿意为安全掏钱的刚需：野火救援队、丛林飞行员、野外滑雪爱好者、私人游艇船主\n \n最绝的是SpaceX拿他一点辙没有——他是被动接收公共广播的信标，律师提前就确认过完全合法，想告都没依据\n \n说白了，现在会用AI的普通人，真能把巨头免费放出来的资源，直接变成自己的赚钱机器\n\n#AI""}}}, ""rest_id"": ""2085514736893051167"", ""source"": ""<a href=\""http://twitter.com/download/android\"" rel=\""nofollow\"">Twitter for Android</a>"", ""unmention_data"": {}, ""views"": {""count"": ""1474"", ""state"": ""EnabledWithCount""}}",,[],1474
